Name,Clarity,Memorability,TCG relevance,Professional feel,Scalability beyond eBay,Scalability beyond TCG,Domain/brand potential,Risk of confusion score,Total,Recommendation tier,Notes
TCGOps,9,7,10,8,9,3,7,6,59,Strong,"Very clear for trading card sellers, but limited beyond TCG."
CardOps,9,8,9,9,9,6,8,7,65,Top 5,"Best balance of clarity, professional feel, and TCG relevance."
SellerOps,8,6,4,8,9,9,6,4,54,Weak,"Broad and professional but generic; weaker TCG signal."
CardFlow,8,9,8,8,8,6,8,6,61,Top 5,"Memorable and workflow-oriented, with solid seller appeal."
TCG Command,8,7,10,8,8,3,7,6,57,Strong,"Strong category signal, but less flexible beyond TCG."
Card Command,7,7,8,7,8,5,7,6,55,Middle,"Clear enough, but slightly game-like and less operational."
ListingFlow,8,8,5,8,9,9,7,6,60,Strong,"Good workflow name, but less card-specific."
CollectOps,7,7,7,8,8,7,7,7,58,Strong,"Good collectibles breadth; less immediate than CardOps."
BinderOps,6,7,8,6,6,2,7,7,49,Weak,"Fun for card collectors, but too hobby-specific and less professional."
DeckOps,6,7,8,6,6,2,7,6,48,Weak,"TCG-flavored but sounds more like gameplay/deckbuilding than seller operations."
CardControl,8,7,8,8,8,5,6,4,54,Weak,"Clear, but control/card-control phrasing may create finance or access-control confusion."
TCG Control Center,8,5,10,7,8,2,4,6,50,Weak,"Descriptive but long, not very brandable, and narrow beyond TCG."
Seller Command,7,6,4,8,9,9,6,5,54,Middle,"Professional, but generic and less TCG-relevant."
MarketplaceOps,8,6,4,9,10,10,6,5,58,Strong,"Professional and scalable, but broad and less memorable."
CardPilot,8,9,8,8,8,6,8,6,61,Top 5,"Approachable and action-oriented; good commercial SaaS feel."
TCGPilot,8,8,10,8,8,3,7,6,58,Strong,"Good category fit, but narrower than CardPilot."
CardStack,7,8,8,8,7,5,7,3,53,Weak,"Memorable, but likely needs extra confusion review because similar software/tech names exist."
SellStack,7,7,4,8,9,9,7,5,56,Middle,"Scalable but generic; weak card identity."
CardQueue,8,8,8,8,8,5,8,7,60,Top 5,"Strong fit for action queue and seller workflow."
ListingOps,9,7,5,9,10,9,8,6,63,Top 5,"Very clear operational value; scales well beyond cards."
