item_id,title,current_sku,proposed_sku,reason,action,manual_review,duplicate_item_id,duplicate_proposed_sku
147258801076,N's Zoroark ex SR #117/100 - TAG 10 - Battle Partners - Pokemon Japanese,05.19.26,ETB-01-A-0001,date_style_batch_label,repair,False,False,False
147273209951,Brook OP15-022 Adventure On Kami's Island R English NM One Piece,05.19.26,ETB-01-A-0002,date_style_batch_label,repair,False,False,False
147275111807,Kaku Rare EB04-043 | Adventure on Kami’s Island OP-15-EB04 | One Piece,05.19.26,ETB-01-A-0003,date_style_batch_label,repair,False,False,False
147275112576,Pearl | OP15-011 | R,05.19.26,ETB-01-A-0004,date_style_batch_label,repair,False,False,False
147275206221,Perona OP15-090 Adventure on Kami's Island UC NM One Piece,05.19.26,ETB-01-A-0005,date_style_batch_label,repair,False,False,False
147275208241,Sai OP15-045 | R | Adventure on Kamis Island,05.19.26,ETB-01-A-0006,date_style_batch_label,repair,False,False,False
147285027136,Kamikoto Knife Roll Black Canva Heavy Duty- FREE SHIPPING,05.19.26,ETB-01-A-0007,date_style_batch_label,repair,False,False,False
147293513303,Flareon 136/165 Scarlet and Violet 151 Holo Rare,05.19.26,ETB-01-A-0008,date_style_batch_label,repair,False,False,False
147293569097,Moltres 146/165 Scarlet & Violet 151 Holo Rare NM Pokemon,05.19.26,ETB-01-A-0009,date_style_batch_label,repair,False,False,False
147293581218,Vileplume Rare Holofoil 045/165 SV: Scarlet & Violet 151 NM,05.19.26,ETB-01-A-0010,date_style_batch_label,repair,False,False,False
147293589270,Beedrill 015/165  Scarlet & Violet 151 Holo Rare,05.19.26,ETB-01-A-0011,date_style_batch_label,repair,False,False,False
147293591498,Gyarados 130/165 Sv: Scarlet & Violet 151 Reverse Holo,05.19.26,ETB-01-A-0012,date_style_batch_label,repair,False,False,False
147293594732,Omastar 139/165 Scarlet & Violet 151 Rare NM Pokemon,05.19.26,ETB-01-A-0013,date_style_batch_label,repair,False,False,False
147293596889,Articuno 144/165 Scarlet & Violet 151 Rare NM Pokemon,05.19.26,ETB-01-A-0014,date_style_batch_label,repair,False,False,False
147293598550,Vaporeon Rare SV: Scarlet & Violet 151 134/165 NM English Holo,05.19.26,ETB-01-A-0015,date_style_batch_label,repair,False,False,False
147293600241,Starmie 121/165 Scarlet & Violet 151 Holo Rare NM Pokemon,05.19.26,ETB-01-A-0016,date_style_batch_label,repair,False,False,False
147293602847,Pokemon Ditto 132/165 Sv: Scarlet & Violet 151 Holo,05.19.26,ETB-01-A-0017,date_style_batch_label,repair,False,False,False
147293609500,Chansey 113/165 Scarlet & Violet 151 Holo Rare NM Pokemon,05.19.26,ETB-01-A-0018,date_style_batch_label,repair,False,False,False
147293613071,Aerodactyl 142/165 Scarlet & Violet 151 Holo Rare NM Pokemon,05.19.26,ETB-01-A-0019,date_style_batch_label,repair,False,False,False
147305478040,Venomoth 049/165 Scarlet & Violet 151 Reverse Holo NM,05.19.26,ETB-01-A-0020,date_style_batch_label,repair,False,False,False
147305482659,Victreebel 071/165 Scarlet & Violet 151 Reverse Holo NM Pokemon,05.19.26,ETB-01-A-0021,date_style_batch_label,repair,False,False,False
147306694444,Master Ball 153/162 ACE SPEC NM Pokemon,05.19.26,ETB-01-A-0022,date_style_batch_label,repair,False,False,False
147317919204,Zapdos ex 192/165 Pokemon 151 Ultra Rare,05.19.26,ETB-01-A-0023,date_style_batch_label,repair,False,False,False
147320683627,Mega Gardevoir ex Holo Promo ME: Mega Evolution Promo 032 NM,05.20.26-1-003,,possible_card_specific_identifier_manual_review,manual_review,True,False,False
147323836511,Gengar 050/088 Rare Perfect Order Pokemon Reverse Holo Near Mint,,ETB-01-A-0024,missing_sku,repair,False,False,False
147323871055,Poké ball Trainer Japanese Pocket Monsters Jungle Set,,ETB-01-A-0025,missing_sku,repair,False,False,False
147328711009,Electrode 088/264 Cosmos Holo Fusion Strike,,ETB-01-A-0026,missing_sku,repair,False,False,False
147328720196,Pokémon TCG Scarlet & Violet Spiritomb #129/198 Rare Cosmos Holo Promo NM,,ETB-01-A-0027,missing_sku,repair,False,False,False
147328720903,Pokémon TCG Sableye 136/193 - Near Mint Cosmos Holo Promo - Paldea Evolved,,ETB-01-A-0028,missing_sku,repair,False,False,False
147328722206,Pokemon Obsidian Flames 136/197 Darkrai Cosmos Holo with Swirl,,ETB-01-A-0029,missing_sku,repair,False,False,False
147328750774,OGRE'S MASK 159/167 Twilight Masquerade Holo Rare Promo Pokemon Card Near Mint,,ETB-01-A-0030,missing_sku,repair,False,False,False
147328756665,Holo Toxtricity 063/189 Promo Miscellaneous Cards & Products Near Mint,,ETB-01-A-0031,missing_sku,repair,False,False,False
147328802593,Applin 020/192  Cosmos Holo Pokemon Card Rebel Clash NM,,ETB-01-A-0032,missing_sku,repair,False,False,False
147329553204,Walking Wake ex 189/162 Pokemon TCG Temporal Forces Ultra Rare Full Art FA,,ETB-01-A-0033,missing_sku,repair,False,False,False
147330533083,Ditto (Poke Ball Pattern) 132/165 SV2a: Pokemon Card 151 NM,,ETB-01-A-0034,missing_sku,repair,False,False,False
147330796291,Pokemon - Daisy's Help 195/165 - Ultra Rare Trainer Scarlet & Violet: 151,,ETB-01-A-0035,missing_sku,repair,False,False,False
147330797272,Giovanni’s Charisma 197/165 Full Art Trainer Pokémon TCG Scarlet & Violet 151 NM,,ETB-01-A-0036,missing_sku,repair,False,False,False
147330999723,Gastly 123/217 Cosmos Holo Ascended Heroes Tech Sticker Collection Promo,,ETB-01-A-0037,missing_sku,repair,False,False,False
147331517681,Miracle Headset 183/191 Sv08: Surging Sparks Holo Ace Spec Pokémon TCG NM,,ETB-01-A-0038,missing_sku,repair,False,False,False
147335404021,Gastal Thrillseeker DFT U NM,05.27.26-005,,possible_card_specific_identifier_manual_review,manual_review,True,False,False
147335404022,Mystic Retrieval INR U NM,05.27.26-020,,possible_card_specific_identifier_manual_review,manual_review,True,False,False
147335404024,Ignis Scientia FIN U NM,05.27.26-014,,possible_card_specific_identifier_manual_review,manual_review,True,False,False
147335404026,Spire Mechcycle (Borderless) DFT U NM,05.27.26-008,,possible_card_specific_identifier_manual_review,manual_review,True,False,False
147335404027,Coliseum Behemoth FIN U NM,05.27.26-013,,possible_card_specific_identifier_manual_review,manual_review,True,False,False
147335404028,Ring of the Lucii FIN U NM,05.27.26-016,,possible_card_specific_identifier_manual_review,manual_review,True,False,False
147335404029,Fang-Druid Summoner DFT U NM,05.27.26-009,,possible_card_specific_identifier_manual_review,manual_review,True,False,False
147335404030,Kolaghan Warmonger (Foil Etched) MAT U NM,05.27.26-018,,possible_card_specific_identifier_manual_review,manual_review,True,False,False
147335404031,Canyon Vaulter DFT U NM,05.27.26-007,,possible_card_specific_identifier_manual_review,manual_review,True,False,False
147335404032,Wickerfolk Indomitable DFT U NM,05.27.26-003,,possible_card_specific_identifier_manual_review,manual_review,True,False,False
147335404033,Magitek Infantry FIN C NM,05.27.26-011,,possible_card_specific_identifier_manual_review,manual_review,True,False,False
147335404034,Black Waltz No. 3 FIN U NM,05.27.26-015,,possible_card_specific_identifier_manual_review,manual_review,True,False,False
147335404035,Auron's Inspiration FIN U NM,05.27.26-012,,possible_card_specific_identifier_manual_review,manual_review,True,False,False
147335404036,Locust Spray DFT U NM,05.27.26-006,,possible_card_specific_identifier_manual_review,manual_review,True,False,False
147335404037,Dredger's Insight DFT U Magic: The Gathering NM,05.27.26-004,,possible_card_specific_identifier_manual_review,manual_review,True,False,False
147335404038,Sabotage Strategist DFT U NM,05.27.26-002,,possible_card_specific_identifier_manual_review,manual_review,True,False,False
147335404040,Groundskeeper INR U NM,05.27.26-019,,possible_card_specific_identifier_manual_review,manual_review,True,False,False
147335404041,Tolarian Contempt (Foil Etched) MAT U NM,05.27.26-017,,possible_card_specific_identifier_manual_review,manual_review,True,False,False
147335404042,Pack Guardian INR U NM,05.27.26-001,,possible_card_specific_identifier_manual_review,manual_review,True,False,False
147335404048,Restless Bloodseeker INR U NM,05.27.26-021,,possible_card_specific_identifier_manual_review,manual_review,True,False,False
147335404052,Death-Rattle Oni (Showcase) MAT U NM,05.27.26-022,,possible_card_specific_identifier_manual_review,manual_review,True,False,False
147335455816,Lunarch Mantle - Magic The Gathering - Innistrad Remastered- Foil - Common,MTG-01,,possible_card_specific_identifier_manual_review,manual_review,True,False,False
147336067757,Bellsprout 001/096 Xy3: Rising Fist Regular (Japanese),,ETB-01-A-0039,missing_sku,repair,False,False,False
147336074838,Breloom 048/096 Xy3: Rising Fist Regular (Japanese),,ETB-01-A-0040,missing_sku,repair,False,False,False
147336076229,Patrat 079/096 Xy3: Rising Fist Regular (Japanese),,ETB-01-A-0041,missing_sku,repair,False,False,False
147336083018,Buizel 023/080 Xy2: Wild Blaze Regular (Japanese),,ETB-01-A-0042,missing_sku,repair,False,False,False
147336090628,Caterpie 001/080 Xy2: Wild Blaze Regular (Japanese),,ETB-01-A-0043,missing_sku,repair,False,False,False
147336092265,Shinx 027/080 Xy2: Wild Blaze Regular (Japanese),,ETB-01-A-0044,missing_sku,repair,False,False,False
147336094426,XY2: Wild Blaze - LP - Roserade 009/080 1st Edition US Seller,,ETB-01-A-0045,missing_sku,repair,False,False,False
147336095310,Spritzee 044/060 XY-By: Collection Y Regular (Japanese),,ETB-01-A-0046,missing_sku,repair,False,False,False
147336096208,Chespin 007/060 XY-By: Collection Y Regular (Japanese),,ETB-01-A-0047,missing_sku,repair,False,False,False
147336097761,DODRIO 047/060 COLLECTION Y JAPANESE POKEMON TCG,,ETB-01-A-0048,missing_sku,repair,False,False,False
147336101338,Venipede 024/060 XY-By: Collection Y Regular (Japanese),,ETB-01-A-0049,missing_sku,repair,False,False,False
147336102218,Malamar 036/060 XY-By: Collection Y Regular (Japanese),,ETB-01-A-0050,missing_sku,repair,False,False,False
147336103905,Hard Charm 057/060 XY-By: Collection Y Regular (Japanese),,ETB-01-A-0051,missing_sku,repair,False,False,False
147336108365,Professor's Letter 055/060 XY-By: Collection Y Regular (Japanese),,ETB-01-A-0052,missing_sku,repair,False,False,False
147336112751,Makuhita 049/096 Xy3: Rising Fist Regular (Japanese),,ETB-01-A-0053,missing_sku,repair,False,False,False
147336114584,(Japanese) Poliwag 015/096 C - XY3 Rising Fist 1st Edition - Pokémon TCG (NM),,ETB-01-A-0054,missing_sku,repair,False,False,False
147336115096,Golett 040/096 Xy3: Rising Fist Regular (Japanese),,ETB-01-A-0055,missing_sku,repair,False,False,False
147336115667,Sail Fossil 086/096 Xy3: Rising Fist Regular (Japanese),,ETB-01-A-0056,missing_sku,repair,False,False,False
147336117082,Pokemon Card Japanese - Tool Retriever 083/096 - XY3 - 1st Edition,,ETB-01-A-0057,missing_sku,repair,False,False,False
147336754918,Pikachu (Pokemon Day 2026) 051/162 - NM - Tail Swirl,,ETB-01-A-0058,missing_sku,repair,False,False,False
147336760424,Pokemon Day 30th Anniversary - Pikachu 051 /162 2026 Promo NM - HEAD SWIRL,,ETB-01-A-0059,missing_sku,repair,False,False,False
147336783609,Froakie - (Cosmos Holo) Holo Promo Miscellaneous Cards & Products 056/197 NM,05.28.26-005,,possible_card_specific_identifier_manual_review,manual_review,True,False,False
147336868889,Skybox Ferry (Borderless) Aetherdrift Regular,,ETB-01-A-0060,missing_sku,repair,False,False,False
147336997230,Draconautics Engineer DFT R NM,05.28.26.1-015,,possible_card_specific_identifier_manual_review,manual_review,True,False,False
147336997231,Travel the Overworld FIN U NM,05.28.26.1-009,,possible_card_specific_identifier_manual_review,manual_review,True,False,False
147336997232,Earthrumbler DFT U NM,05.28.26.1-019,,possible_card_specific_identifier_manual_review,manual_review,True,False,False
147336997233,Rinoa Heartilly FIN U NM,05.28.26.1-013,,possible_card_specific_identifier_manual_review,manual_review,True,False,False
147336997235,Sidequest: Hunt the Mark FIN U NM,05.28.26.1-012,,possible_card_specific_identifier_manual_review,manual_review,True,False,False
147336997236,Stolen Uniform FIN U NM,05.28.26.1-004,,possible_card_specific_identifier_manual_review,manual_review,True,False,False
147336997238,"Aatchik, Emerald Radian (Borderless) DFT R NM",05.28.26.1-017,,possible_card_specific_identifier_manual_review,manual_review,True,False,False
147336997239,Cloud of Darkness FIN U NM,05.28.26.1-005,,possible_card_specific_identifier_manual_review,manual_review,True,False,False
147336997240,Queen Brahne FIN U NM,05.28.26.1-003,,possible_card_specific_identifier_manual_review,manual_review,True,False,False
147336997241,Gaius van Baelsar FIN U NM,05.28.26.1-008,,possible_card_specific_identifier_manual_review,manual_review,True,False,False
147336997242,Fire Magic FIN U NM,05.28.26.1-006,,possible_card_specific_identifier_manual_review,manual_review,True,False,False
147336997243,Auron's Inspiration FIN U NM,05.28.26.1-010,,possible_card_specific_identifier_manual_review,manual_review,True,False,False
147336997244,Haunted Hellride (Borderless) DFT U NM,05.28.26.1-018,,possible_card_specific_identifier_manual_review,manual_review,True,False,False
147336997245,"Lagorin, Soul of Alacria DFT U NM",05.28.26.1-020,,possible_card_specific_identifier_manual_review,manual_review,True,False,False
147336997246,"Caradora, Heart of Alacria (Borderless) DFT R NM",05.28.26.1-014,,possible_card_specific_identifier_manual_review,manual_review,True,False,False
147336997247,"Ultimecia, Time Sorceress FIN U NM",05.28.26.1-002,,possible_card_specific_identifier_manual_review,manual_review,True,False,False
147336997248,Unexpected Request FIN U NM,05.28.26.1-011,,possible_card_specific_identifier_manual_review,manual_review,True,False,False
147336997249,"Sita Varma, Masked Racer (Borderless) DFT R NM",05.28.26.1-016,,possible_card_specific_identifier_manual_review,manual_review,True,False,False
147336997250,Snow Villiers FIN U NM,05.28.26.1-007,,possible_card_specific_identifier_manual_review,manual_review,True,False,False
147336997254,Cactuar FIN U NM,05.28.26.1-041,,possible_card_specific_identifier_manual_review,manual_review,True,False,False
147336997255,Sorceress's Schemes FIN U NM,05.28.26.1-043,,possible_card_specific_identifier_manual_review,manual_review,True,False,False
147336997256,Eject FIN U NM,05.28.26.1-045,,possible_card_specific_identifier_manual_review,manual_review,True,False,False
147336997258,Sleep Magic FIN U NM,05.28.26.1-042,,possible_card_specific_identifier_manual_review,manual_review,True,False,False
147336997259,"Rydia, Summoner of Mist FIN U NM",05.28.26.1-044,,possible_card_specific_identifier_manual_review,manual_review,True,False,False
147336997261,"Kalakscion, Hunger Tyrant DFT U NM",05.28.26.1-023,,possible_card_specific_identifier_manual_review,manual_review,True,False,False
147336997262,"Fang, Fearless l'Cie FIN U NM",05.28.26.1-031,,possible_card_specific_identifier_manual_review,manual_review,True,False,False
147336997263,Earthrumbler (Borderless) DFT U NM,05.28.26.1-026,,possible_card_specific_identifier_manual_review,manual_review,True,False,False
147336997264,Ambrosia Whiteheart FIN U NM,05.28.26.1-039,,possible_card_specific_identifier_manual_review,manual_review,True,False,False
147336997265,Relentless X-ATM092 FIN U NM,05.28.26.1-036,,possible_card_specific_identifier_manual_review,manual_review,True,False,False
147336997266,Samurai's Katana FIN U NM,05.28.26.1-035,,possible_card_specific_identifier_manual_review,manual_review,True,False,False
147336997267,"Garnet, Princess of Alexandria FIN U NM",05.28.26.1-037,,possible_card_specific_identifier_manual_review,manual_review,True,False,False
147336997268,Cursecloth Wrappings (Extended Art) DFT R NM,05.28.26.1-028,,possible_card_specific_identifier_manual_review,manual_review,True,False,False
147336997269,"Gongaga, Reactor Town FIN L NM",05.28.26.1-032,,possible_card_specific_identifier_manual_review,manual_review,True,False,False
147336997270,Bloodline Keeper (Showcase) INR M NM,05.28.26.1-030,,possible_card_specific_identifier_manual_review,manual_review,True,False,False
147336997271,Captivating Vampire M11 R NM,05.28.26.1-029,,possible_card_specific_identifier_manual_review,manual_review,True,False,False
147336997272,"Torgal, A Fine Hound FIN U NM",05.28.26.1-040,,possible_card_specific_identifier_manual_review,manual_review,True,False,False
147336997273,"Gohn, Town of Ruin FIN L NM",05.28.26.1-033,,possible_card_specific_identifier_manual_review,manual_review,True,False,False
147336997274,Rocketeer Boostbuggy (Borderless) DFT U NM,05.28.26.1-025,,possible_card_specific_identifier_manual_review,manual_review,True,False,False
147336997275,"Terrian, World Tyrant DFT U NM",05.28.26.1-021,,possible_card_specific_identifier_manual_review,manual_review,True,False,False
147336997276,"Exdeath, Void Warlock FIN U NM",05.28.26.1-034,,possible_card_specific_identifier_manual_review,manual_review,True,False,False
147336997277,Demon Wall FIN U NM,05.28.26.1-038,,possible_card_specific_identifier_manual_review,manual_review,True,False,False
147336997278,Spire Mechcycle (Borderless) DFT U NM,05.28.26.1-027,,possible_card_specific_identifier_manual_review,manual_review,True,False,False
147336997279,Spikeshell Harrier DFT U NM,05.28.26.1-024,,possible_card_specific_identifier_manual_review,manual_review,True,False,False
147336997280,Air Response Unit DFT U NM,05.28.26.1-022,,possible_card_specific_identifier_manual_review,manual_review,True,False,False
147338097397,Fennekin #80 Chaos Rising Pokemon Center ETB stamped promo (SEALED),,ETB-01-A-0061,missing_sku,repair,False,False,False
147338139720,Night Stretcher 061/064 Sv: Shrouded Fable Regular,,ETB-01-A-0062,missing_sku,repair,False,False,False
147338146672,Lillie's Determination 119/132 Me01: Mega Evolution Regular,,ETB-01-A-0063,missing_sku,repair,False,False,False
147338150803,Iono 080/091 SV: Paldean Fates Regular,,ETB-01-A-0064,missing_sku,repair,False,False,False
147338154511,Lt. Surge's Bargain 120/132 Me01: Mega Evolution Regular,,ETB-01-A-0065,missing_sku,repair,False,False,False
147338161207,Scoop Up Cyclone 093/101 Sv6: Transformation Mask Holo (Japanese),,ETB-01-A-0066,missing_sku,repair,False,False,False
147342079295,Zeraora VSTAR 042/172 S12a: Vstar Universe Holo (Japanese),,ETB-01-A-0067,missing_sku,repair,False,False,False
147342130583,MTG The Last Ride (Borderless) Aetherdrift Regular,,ETB-01-A-0068,missing_sku,repair,False,False,False
147342131083,MTG Spotcycle Scouter [DFT] FOIL #297,,ETB-01-A-0069,missing_sku,repair,False,False,False
147345948613,"NM Borderless Hulldrifter, MTG, Aetherdrift, Magic the Gathering, 300",,ETB-01-A-0070,missing_sku,repair,False,False,False
147345951128,Veloheart Bike (Borderless) Aetherdrift Regular,,ETB-01-A-0071,missing_sku,repair,False,False,False
147347754523,McDonald’s Pokemon Promo Lot - 10 Cards,05.19.26,ETB-01-A-0072,date_style_batch_label,repair,False,False,False
147351665593,Skrelp 058/086 Common ME04: Chaos Rising Pokemon Reverse Holo Near Mint,,ETB-01-A-0073,missing_sku,repair,False,False,False
147351665933,Trevenant 039/086 Me04: Chaos Rising Holo,,ETB-01-A-0074,missing_sku,repair,False,False,False
147351666544,Adversity Policy 074/086 Me04: Chaos Rising Reverse Holo,,ETB-01-A-0075,missing_sku,repair,False,False,False
147351671260,Emolga (Reverse Holo) - 030/086 - Chaos Rising (CRI) ME04 - Pokemon NM/M,,ETB-01-A-0076,missing_sku,repair,False,False,False
147351677379,Chespin Reverse Holo Common ME04: Chaos Rising 005/086 NM,,ETB-01-A-0077,missing_sku,repair,False,False,False
147351678817,Deoxys 033/086 Me04: Chaos Rising Reverse Holo,,ETB-01-A-0078,missing_sku,repair,False,False,False
147351679723,Ninetales 020/132 Me01: Mega Evolution Reverse Holo,,ETB-01-A-0079,missing_sku,repair,False,False,False
147356734979,Tyrunt 070 Me: Mega Evolution Promo Holo,,ETB-01-A-0080,missing_sku,repair,False,False,False
147356735473,Great Tusk ex 072 Sv: Scarlet & Violet Promo Cards Holo,,ETB-01-A-0081,missing_sku,repair,False,False,False
147356736590,Boltund V SWSH219 SWSH: Sword & Shield Promo Cards Holo,,ETB-01-A-0082,missing_sku,repair,False,False,False
147356737860,Kleavor V (Full Art) SWSH248 SWSH: Sword & Shield Promo Cards Holo,,ETB-01-A-0083,missing_sku,repair,False,False,False
147356900374,Nitro R Energy 086/086 Me04: Chaos Rising Holo,,ETB-01-A-0084,missing_sku,repair,False,False,False
147356904975,Cinccino ex 073/086 Me04: Chaos Rising Holo,,ETB-01-A-0085,missing_sku,repair,False,False,False
147356912897,Magnetic M Energy 085/086 Me04: Chaos Rising Holo,,ETB-01-A-0086,missing_sku,repair,False,False,False
147356913728,Delphox 013/086 Me04: Chaos Rising Holo,,ETB-01-A-0087,missing_sku,repair,False,False,False
147356919892,Gourgeist ex 041/086 Me04: Chaos Rising Holo,,ETB-01-A-0088,missing_sku,repair,False,False,False
147356920130,Cobalion ex CRI ME04: Chaos Rising #064/086 Double Rare Holo NM,,ETB-01-A-0089,missing_sku,repair,False,False,False
147358569385,Energy Recycler 108/088 Me03: Perfect Order Holo,,ETB-01-A-0090,missing_sku,repair,False,False,False
147358938165,Jamming Tower 261/217 Me: Ascended Heroes Holo,,ETB-01-A-0091,missing_sku,repair,False,False,False
147359010854,Zangoose ex 167/217 Me: Ascended Heroes Holo,,ETB-01-A-0092,missing_sku,repair,False,False,False
147359014525,Registeel ex 145/217 Me: Ascended Heroes Holo,,ETB-01-A-0093,missing_sku,repair,False,False,False
147359015530,Krookodile EX Full Art Holo 055/086 320 HP English Pokémon TCG,,ETB-01-A-0094,missing_sku,repair,False,False,False
147360956190,Rare Candy 191/198 SV01: Scarlet & Violet Base Set Regular,,ETB-01-A-0095,missing_sku,repair,False,False,False
147360965605,Counter Catcher 160/182 SV04: Paradox Rift Regular,,ETB-01-A-0096,missing_sku,repair,False,False,False
147360969203,Crispin 105/131 Sv: Prismatic Evolutions Regular,,ETB-01-A-0097,missing_sku,repair,False,False,False
147360977050,Counter Gain 169/191 Sv08: Surging Sparks Regular,,ETB-01-A-0098,missing_sku,repair,False,False,False
147360995517,Artazon 171/193 Sv02: Paldea Evolved Regular,,ETB-01-A-0099,missing_sku,repair,False,False,False
147360998854,Technical Machine: Evolution 178/182 SV04: Paradox Rift Regular,,ETB-01-A-0100,missing_sku,repair,False,False,False
147361000566,Super Rod 188/193 Sv02: Paldea Evolved Regular,,ETB-01-A-0101,missing_sku,repair,False,False,False
147361002648,Acerola's Mischief 113/132 Me01: Mega Evolution Reverse Holo,,ETB-01-A-0102,missing_sku,repair,False,False,False
147361003869,Lt. Surge's Bargain 120/132 Me01: Mega Evolution Reverse Holo,,ETB-01-A-0103,missing_sku,repair,False,False,False
147361005797,Cinderace ex 038/217 Me: Ascended Heroes Holo,,ETB-01-A-0104,missing_sku,repair,False,False,False
147361006232,Treasure Tracker 131/131 Sv: Prismatic Evolutions Holo,,ETB-01-A-0105,missing_sku,repair,False,False,False
147361028465,Mewtwo 056/172 Swsh09: Brilliant Stars Regular,,ETB-01-A-0106,missing_sku,repair,False,False,False
147363821082,Eevee 188/167 - Pokémon Extended Artwork Display Case,,ETB-01-A-0107,missing_sku,repair,False,False,False
147367215260,Crobat Holo Rare ME04: Chaos Rising 051/086 NM,06.11.26.1-003,,possible_card_specific_identifier_manual_review,manual_review,True,False,False
147367215263,Xerneas Holo Rare ME04: Chaos Rising 042/086 NM,06.11.26.1-002,,possible_card_specific_identifier_manual_review,manual_review,True,False,False
147367215264,Ho-Oh Holo Rare ME04: Chaos Rising 010/086 NM,06.11.26.1-004,,possible_card_specific_identifier_manual_review,manual_review,True,False,False
147367215265,Trevenant Holo Rare ME04: Chaos Rising 039/086 NM,06.11.26.1-005,,possible_card_specific_identifier_manual_review,manual_review,True,False,False
147367215266,Keldeo Holo Rare ME04: Chaos Rising 019/086 NM,06.11.26.1-007,,possible_card_specific_identifier_manual_review,manual_review,True,False,False
147368182796,Pikachu 049/195 Swsh12: Sword & Shield - Silver Tempest Regular,,ETB-01-A-0108,missing_sku,repair,False,False,False
147368190380,Pikachu 049/203 SWSH07: Evolving Skies Regular,,ETB-01-A-0109,missing_sku,repair,False,False,False
147368223292,Mimikyu 097/193 Trick or Trade 2023 Holo,,ETB-01-A-0110,missing_sku,repair,False,False,False
147368226199,Mimikyu - (Cosmos Holo) 037/091 Trick or Trade 2024 Holo,,ETB-01-A-0111,missing_sku,repair,False,False,False
147368232624,Houndoom 034/198 Trick or Trade 2023 Holo,,ETB-01-A-0112,missing_sku,repair,False,False,False
147368307993,Giovanni's Machoke 42/132 Gym Challenge Regular,,ETB-01-A-0113,missing_sku,repair,False,False,False
147368309141,Espurr 081/195 Swsh12: Sword & Shield - Silver Tempest Regular,,ETB-01-A-0114,missing_sku,repair,False,False,False
147368317490,Paldean Clodsire ex 091/073 Sv1a: Triplet Beat Holo (Japanese),,ETB-01-A-0115,missing_sku,repair,False,False,False
147368364041,2024 Panini Donruss - Jahmyr Gibbs #143 Blue Press Proof,,ETB-01-A-0116,missing_sku,repair,False,False,False
147368365320,2024 Panini Donruss - Jared Goff #200 Blue Press Proof,,ETB-01-A-0117,missing_sku,repair,False,False,False
147368368662,2024 Panini Donruss - Rated Rookie Jared Wiley #387 Optic Preview Green Velocity,,ETB-01-A-0118,missing_sku,repair,False,False,False
147368371011,2024 Panini Donruss - Marquise Brown #159 Blue Press Proof,,ETB-01-A-0119,missing_sku,repair,False,False,False
147368382755,2024 Panini Donruss - Rated Rookie Jared Wiley #387 Blue Press Proof (RC),,ETB-01-A-0120,missing_sku,repair,False,False,False
147368385968,2024-25 Panini Totally Certified - Aaron Gordon #119,,ETB-01-A-0121,missing_sku,repair,False,False,False
147368388260,2021-22 Panini Illusions - Operation Detonation Josh Giddey #26 (RC),,ETB-01-A-0122,missing_sku,repair,False,False,False
147368392638,2022-23 Panini Mosaic - Jam Masters Shaquille O'Neal #10,,ETB-01-A-0123,missing_sku,repair,False,False,False
147368395814,2024-25 Panini Nba Hoops - Skyview Dalton Knecht #4 Holo (RC),,ETB-01-A-0124,missing_sku,repair,False,False,False
147368396852,2021-22 Illusions Rookie Reflections #9 Dirk Nowitzki/Franz Wagner RC Mavs Magic,,ETB-01-A-0125,missing_sku,repair,False,False,False
147368397448,2022-23 Panini Mosaic - Epic Performers Giannis Antetokounmpo #2,,ETB-01-A-0126,missing_sku,repair,False,False,False
147372703031,Tapu Koko V 050/163 Swsh05: Battle Styles Holo,,ETB-01-A-0127,missing_sku,repair,False,False,False
147372712927,Tapu Koko VMAX 051/163 Swsh05: Battle Styles Holo,,ETB-01-A-0128,missing_sku,repair,False,False,False
147373626237,Dunsparce 120/159 Sv09: Journey Together Regular,,ETB-01-A-0129,missing_sku,repair,False,False,False
147375711076,Ascended Heroes - PICK YOUR CARD,,ETB-01-A-0130,missing_sku; duplicate_item_id_batch_assigned,repair,False,True,False
147375711076,Ascended Heroes - PICK YOUR CARD,,ETB-01-A-0131,missing_sku; duplicate_item_id_batch_assigned,repair,False,True,False
147375711076,Ascended Heroes - PICK YOUR CARD,,ETB-01-A-0132,missing_sku; duplicate_item_id_batch_assigned,repair,False,True,False
147375711076,Ascended Heroes - PICK YOUR CARD,,ETB-01-A-0133,missing_sku; duplicate_item_id_batch_assigned,repair,False,True,False
147375711076,Ascended Heroes - PICK YOUR CARD,,ETB-01-A-0134,missing_sku; duplicate_item_id_batch_assigned,repair,False,True,False
147375711076,Ascended Heroes - PICK YOUR CARD,,ETB-01-A-0135,missing_sku; duplicate_item_id_batch_assigned,repair,False,True,False
147375711076,Ascended Heroes - PICK YOUR CARD,,ETB-01-A-0136,missing_sku; duplicate_item_id_batch_assigned,repair,False,True,False
147375711076,Ascended Heroes - PICK YOUR CARD,,ETB-01-A-0137,missing_sku; duplicate_item_id_batch_assigned,repair,False,True,False
147375711076,Ascended Heroes - PICK YOUR CARD,,ETB-01-A-0138,missing_sku; duplicate_item_id_batch_assigned,repair,False,True,False
147375711076,Ascended Heroes - PICK YOUR CARD,,ETB-01-A-0139,missing_sku; duplicate_item_id_batch_assigned,repair,False,True,False
147377269248,Blipbug 018/196 NM Non Holo Cute Asako Ito Crocheted Art Pokémon Card!,,ETB-01-A-0140,missing_sku,repair,False,False,False
147377278620,Tynamo 44/147 NM / M - Asako Ito Crocheted Art - Burning Shadows Pokemon Card,,ETB-01-A-0141,missing_sku,repair,False,False,False
147377282859,Pokemon TCG Grubbin 018/264 Fusion Strike Common Asako Ito HP,,ETB-01-A-0142,missing_sku,repair,False,False,False
147379845157,Dragonite V 049/078 Pokémon GO Holo,,ETB-01-A-0143,missing_sku,repair,False,False,False
147379855272,Clefairy 094/088 Me03: Perfect Order Holo,,ETB-01-A-0144,missing_sku,repair,False,False,False
147379883412,VeeFriends Super Sticker Mint Mink Red Parallel PSA Magazine Exclusive Card NM,,ETB-01-A-0145,missing_sku,repair,False,False,False
147379888731,Pokiebubies 1st Edition Fan Art Chef Ken Lee - Holo Dittie Ditto Promos - Rare,,ETB-01-A-0146,missing_sku,repair,False,False,False
147379891645,Fairy Energy 8x Sword & Shield Retired Pokémon Trading Card Game 2020 NM,,ETB-01-A-0147,missing_sku,repair,False,False,False
147379892098,12x Fire 2017 Pokemon TCG Card Lot Basic Energy Sun and Moon Common NM/MT,,ETB-01-A-0148,missing_sku,repair,False,False,False
147379910744,Team Rocket's Giovanni 225/182 Sv10: Destined Rivals Holo - OC,,ETB-01-A-0149,missing_sku,repair,False,False,False
147379914401,Amulet of Hope 162/191 Sv08: Surging Sparks Holo,05.19.26,ETB-01-A-0150,date_style_batch_label,repair,False,False,False
147381119109,Luxray ex - 068/167 NM SV06: Twilight Masquerade Holo,06.17.26-006,,possible_card_specific_identifier_manual_review,manual_review,True,False,False
147381119112,Mega Zygarde ex - 047/088 NM ME03: Perfect Order Holo,06.17.26-005,,possible_card_specific_identifier_manual_review,manual_review,True,False,False
147381119114,Klawf - (Cosmo Holo) 122/198 NM Miscellaneous Cards & Products Holo,06.17.26-013,,possible_card_specific_identifier_manual_review,manual_review,True,False,False
147381119117,Mega Abomasnow ex - 036/132 NM ME01: Mega Evolution Holo,06.17.26-002,,possible_card_specific_identifier_manual_review,manual_review,True,False,False
147381119119,Tepig - 13/25 013/025 NM McDonald's 25th Anniversary Promos Holo,06.17.26-004,,possible_card_specific_identifier_manual_review,manual_review,True,False,False
147381119120,Basic Metal Energy - 008 NM Prize Pack Series Cards Holo,06.17.26-015,,possible_card_specific_identifier_manual_review,manual_review,True,False,False
147381119121,Chimchar - 12/25 012/025 NM McDonald's 25th Anniversary Promos Holo,06.17.26-003,,possible_card_specific_identifier_manual_review,manual_review,True,False,False
147381119122,Yanmega ex - 206/182 NM SV10: Destined Rivals Holo,06.17.26-008,,possible_card_specific_identifier_manual_review,manual_review,True,False,False
147381119125,Alolan Exeggutor ex - 225/191 NM SV08: Surging Sparks Holo,06.17.26-010,,possible_card_specific_identifier_manual_review,manual_review,True,False,False
147381119126,Quaquaval - (Cosmos Holo) 054/198 NM Miscellaneous Cards & Products Holo,06.17.26-014,,possible_card_specific_identifier_manual_review,manual_review,True,False,False
147382003880,Eevee 125/203 SWSH07: Evolving Skies Regular,,ETB-01-A-0151,missing_sku,repair,False,False,False
147382084820,Snorlax 109/159 SWSH: Crown Zenith Regular,,ETB-01-A-0152,missing_sku,repair,False,False,False
147382484841,Mega Meganium ex 034 Me: Mega Evolution Promo Holo,,ETB-01-A-0153,missing_sku,repair,False,False,False
147382485690,Pikachu 016/049 Sm11b: Dream League Regular (Japanese),,ETB-01-A-0154,missing_sku,repair,False,False,False
147382486147,Metang 092/083 M4: Ninja Spinner Holo (Japanese),,ETB-01-A-0155,missing_sku,repair,False,False,False
147382489302,Pupitar 45/75 Neo Discovery Regular,,ETB-01-A-0156,missing_sku,repair,False,False,False
147382511866,[RARE] Pokemon Amada Sticker - Bulbasaur - Vintage Nintendo Product - Japanese.,,ETB-01-A-0157,missing_sku,repair,False,False,False
147382512654,PIDGEOTTO AMADA HYPER STICKER PART 1 1995 JAPANESE POKEMON TCG,,ETB-01-A-0158,missing_sku,repair,False,False,False
147382523813,Pokémon TCG Umbreon V Single Strike Foil 063/15 Gem Pack 2,,ETB-01-A-0159,missing_sku,repair,False,False,False
147384046346,Vaporeon-V 0213/14 Gem Pack Volume 2 CBB2C,,ETB-01-A-0160,missing_sku,repair,False,False,False
147384046842,Jolteon-V 0313/14 Gem Pack Volume 2 Pokemon Near Mint,,ETB-01-A-0161,missing_sku,repair,False,False,False
147384047154,Espeon-V 0513/14 Gem Pack Volume 2 Pokemon NM/M,,ETB-01-A-0162,missing_sku,repair,False,False,False
147384049115,Dragon Ball Super Card Game Kale's Rampage Perfect Combination BT23-105 Foil...,,ETB-01-A-0163,missing_sku,repair,False,False,False
147384051348,Wooloo - (Cosmos Holo) 222/264 Miscellaneous Cards & Products Holo,,ETB-01-A-0164,missing_sku,repair,False,False,False
147384051710,"Dragon Ball Super Card Game Mai, Earthling Support Perfect Combination BT23-074",,ETB-01-A-0165,missing_sku,repair,False,False,False
147384053512,"Dragon Ball Super Card Game Bulma, Scouter Repairs Perfect Combination BT23-054",,ETB-01-A-0166,missing_sku,repair,False,False,False
147384099497,"Dragon Ball Super Card Game SS Rose Goku Black, Saiyan Manipulation Perfect...",,ETB-01-A-0167,missing_sku,repair,False,False,False
147384737376,Goodra Holo Rare ME04: Chaos Rising 068/086 NM,06.11.26.1-001,,possible_card_specific_identifier_manual_review,manual_review,True,False,False
147384752915,Wild-Field Scarecrow (Retro Frame) Innistrad Remastered Foil,,ETB-01-A-0168,missing_sku,repair,False,False,False
147384787591,Stufful 154/132 NM Holo MEG ME01: Mega Evolution 02,,ETB-01-A-0169,missing_sku,repair,False,False,False
147385600520,Country Roads DFT U NM,06.19.26-032,,possible_card_specific_identifier_manual_review,manual_review,True,False,False
147385600521,Migrating Ketradon DFT C NM,06.19.26-040,,possible_card_specific_identifier_manual_review,manual_review,True,False,False
147385600522,Alacrian Jaguar DFT C NM,06.19.26-038,,possible_card_specific_identifier_manual_review,manual_review,True,False,False
147385600523,Transit Mage DFT U NM,06.19.26-036,,possible_card_specific_identifier_manual_review,manual_review,True,False,False
147385600524,Haunted Hellride DFT U NM,06.19.26-035,,possible_card_specific_identifier_manual_review,manual_review,True,False,False
147385600525,Turtle Van TMT R NM,06.19.26-026,,possible_card_specific_identifier_manual_review,manual_review,True,False,False
147385600526,Shredder's Armor TMT U NM,06.19.26-024,,possible_card_specific_identifier_manual_review,manual_review,True,False,False
147385600527,Road Rage DFT U NM,06.19.26-029,,possible_card_specific_identifier_manual_review,manual_review,True,False,False
147385600528,Scoured Barrens DFT L NM,06.19.26-041,,possible_card_specific_identifier_manual_review,manual_review,True,False,False
147385600529,Apocalypse Runner DFT U NM,06.19.26-037,,possible_card_specific_identifier_manual_review,manual_review,True,False,False
147385600530,Memory Guardian DFT U NM,06.19.26-031,,possible_card_specific_identifier_manual_review,manual_review,True,False,False
147385600531,Engine Rat DFT C NM,06.19.26-054,,possible_card_specific_identifier_manual_review,manual_review,True,False,False
147385600532,Point the Way DFT U NM,06.19.26-030,,possible_card_specific_identifier_manual_review,manual_review,True,False,False
147385600533,Spectacular Pileup (Extended Art) DFT R NM,06.19.26-034,,possible_card_specific_identifier_manual_review,manual_review,True,False,False
147385600534,Island (0192) TMT L NM,06.19.26-027,,possible_card_specific_identifier_manual_review,manual_review,True,False,False
147385600535,Pactdoll Terror DFT C NM,06.19.26-059,,possible_card_specific_identifier_manual_review,manual_review,True,False,False
147385600536,"Raphael, Most Attitude TMT U NM",06.19.26-022,,possible_card_specific_identifier_manual_review,manual_review,True,False,False
147385600537,Chitin Gravestalker DFT C NM,06.19.26-046,,possible_card_specific_identifier_manual_review,manual_review,True,False,False
147385600538,Diversion Unit DFT U NM,06.19.26-028,,possible_card_specific_identifier_manual_review,manual_review,True,False,False
147385600539,Trip Up DFT C NM,06.19.26-057,,possible_card_specific_identifier_manual_review,manual_review,True,False,False
147385600540,Spotcycle Scouter DFT C NM,06.19.26-039,,possible_card_specific_identifier_manual_review,manual_review,True,False,False
147385600541,Collision Course DFT C NM,06.19.26-049,,possible_card_specific_identifier_manual_review,manual_review,True,False,False
147385600542,Gastal Blockbuster DFT C NM,06.19.26-044,,possible_card_specific_identifier_manual_review,manual_review,True,False,False
147385600543,Lotusguard Disciple DFT C NM,06.19.26-051,,possible_card_specific_identifier_manual_review,manual_review,True,False,False
147385600544,Endrider Spikespitter DFT U NM,06.19.26-033,,possible_card_specific_identifier_manual_review,manual_review,True,False,False
147385600545,Jennika's Technique TMT U NM,06.19.26-023,,possible_card_specific_identifier_manual_review,manual_review,True,False,False
147385600546,Gearseeker Serpent DFT C NM,06.19.26-047,,possible_card_specific_identifier_manual_review,manual_review,True,False,False
147385600547,Flood the Engine DFT C NM,06.19.26-042,,possible_card_specific_identifier_manual_review,manual_review,True,False,False
147385600548,Beastrider Vanguard DFT C NM,06.19.26-052,,possible_card_specific_identifier_manual_review,manual_review,True,False,False
147385600549,Endrider Catalyzer DFT C NM,06.19.26-048,,possible_card_specific_identifier_manual_review,manual_review,True,False,False
147385600550,Syphon Fuel DFT C NM,06.19.26-043,,possible_card_specific_identifier_manual_review,manual_review,True,False,False
147385600551,"Casey Jones, Vigilante TMT R NM",06.19.26-025,,possible_card_specific_identifier_manual_review,manual_review,True,False,False
147385600552,Scrap Compactor DFT C NM,06.19.26-061,,possible_card_specific_identifier_manual_review,manual_review,True,False,False
147385600553,Avishkar Raceway DFT C NM,06.19.26-060,,possible_card_specific_identifier_manual_review,manual_review,True,False,False
147385600554,Wreck Remover DFT C NM,06.19.26-050,,possible_card_specific_identifier_manual_review,manual_review,True,False,False
147385600555,Skystreak Engineer DFT C NM,06.19.26-045,,possible_card_specific_identifier_manual_review,manual_review,True,False,False
147385600556,Bounce Off DFT C NM,06.19.26-056,,possible_card_specific_identifier_manual_review,manual_review,True,False,False
147385600557,Crash and Burn DFT C NM,06.19.26-055,,possible_card_specific_identifier_manual_review,manual_review,True,False,False
147385600558,Ticket Tortoise DFT C NM,06.19.26-053,,possible_card_specific_identifier_manual_review,manual_review,True,False,False
147385600559,Hulldrifter DFT C NM,06.19.26-058,,possible_card_specific_identifier_manual_review,manual_review,True,False,False
147385600560,Lightwheel Enhancements DFT C NM,06.19.26-002,,possible_card_specific_identifier_manual_review,manual_review,True,False,False
147385600561,Bramble Wurm (Retro Frame) INR C NM,06.19.26-011,,possible_card_specific_identifier_manual_review,manual_review,True,False,False
147385600562,Murderous Compulsion INR C NM,06.19.26-003,,possible_card_specific_identifier_manual_review,manual_review,True,False,False
147385600563,Bloodtithe Harvester INR U NM,06.19.26-008,,possible_card_specific_identifier_manual_review,manual_review,True,False,False
147385600564,Spicy Oatmeal Pizza TMT U NM,06.19.26-021,,possible_card_specific_identifier_manual_review,manual_review,True,False,False
147385600565,Tragic Slip INR C NM,06.19.26-004,,possible_card_specific_identifier_manual_review,manual_review,True,False,False
147385600566,"Venus, Torn Between Worlds TMT U NM",06.19.26-020,,possible_card_specific_identifier_manual_review,manual_review,True,False,False
147385600567,Galvanic Juggernaut INR U NM,06.19.26-006,,possible_card_specific_identifier_manual_review,manual_review,True,False,False
147385600568,Brightfield Glider DFT C NM,06.19.26-001,,possible_card_specific_identifier_manual_review,manual_review,True,False,False
147385600569,Lightning Axe INR U NM,06.19.26-007,,possible_card_specific_identifier_manual_review,manual_review,True,False,False
147385600571,Noose Constrictor (Retro Frame) INR U NM,06.19.26-010,,possible_card_specific_identifier_manual_review,manual_review,True,False,False
147385600572,Quintessential Katana TMT U NM,06.19.26-016,,possible_card_specific_identifier_manual_review,manual_review,True,False,False
147385600573,Karai's Technique TMT U NM,06.19.26-019,,possible_card_specific_identifier_manual_review,manual_review,True,False,False
147385600574,Morkrut Banshee INR U NM,06.19.26-005,,possible_card_specific_identifier_manual_review,manual_review,True,False,False
147385600575,Twinblade Geist INR U NM,06.19.26-009,,possible_card_specific_identifier_manual_review,manual_review,True,False,False
147385600576,Everything Pizza TMT U NM,06.19.26-017,,possible_card_specific_identifier_manual_review,manual_review,True,False,False
147385600577,Lessons from Life TMT U NM,06.19.26-018,,possible_card_specific_identifier_manual_review,manual_review,True,False,False
147385600578,Ghoulish Procession (Retro Frame) INR U NM,06.19.26-012,,possible_card_specific_identifier_manual_review,manual_review,True,False,False
147385600579,Duskwatch Recruiter INR U NM,06.19.26-015,,possible_card_specific_identifier_manual_review,manual_review,True,False,False
147385600581,Lupine Prototype (Retro Frame) INR U NM,06.19.26-013,,possible_card_specific_identifier_manual_review,manual_review,True,False,False
147385600605,Maximum Overdrive DFT C NM,06.19.26-062,,possible_card_specific_identifier_manual_review,manual_review,True,False,False
147385600606,Swiftwing Assailant DFT C NM,06.19.26-066,,possible_card_specific_identifier_manual_review,manual_review,True,False,False
147385600607,Loxodon Surveyor DFT C NM,06.19.26-067,,possible_card_specific_identifier_manual_review,manual_review,True,False,False
147385600608,Country Roads DFT U NM,06.19.26-063,,possible_card_specific_identifier_manual_review,manual_review,True,False,False
147385600609,Road Rage DFT U NM,06.19.26-064,,possible_card_specific_identifier_manual_review,manual_review,True,False,False
147385600610,Thunderhead Gunner DFT C NM,06.19.26-065,,possible_card_specific_identifier_manual_review,manual_review,True,False,False
147386756112,Tataru Taru Art Series Final Fantasy Universes Beyond Mint 25/53,,ETB-01-A-0170,missing_sku,repair,False,False,False
147386758529,"Kimahri, Valiant Guardian Art Card (Gold-Stamped Signature) Art Series: Final...",,ETB-01-A-0171,missing_sku,repair,False,False,False
147386760041,Astrologian's Planisphere Art Card Art Series: Final Fantasy Regular,,ETB-01-A-0172,missing_sku,repair,False,False,False
147386775780,Mountain (294) (Retro Frame) Innistrad Remastered Foil,,ETB-01-A-0173,missing_sku,repair,False,False,False
147386781802,MTG Aetherdrift Dual Lands Lot - Foil,,ETB-01-A-0174,missing_sku,repair,False,False,False
147386788533,MTG Final Fantasy Basic Lands Lot - Foil (17 Qty),,ETB-01-A-0175,missing_sku,repair,False,False,False
147386869601,Meloetta ex 047/086 SV11B: Black Bolt Holo (Japanese),,ETB-01-A-0176,missing_sku,repair,False,False,False
147386873270,Rare Candy 082/063 M1s: Mega Symphonia Holo (Japanese),,ETB-01-A-0177,missing_sku,repair,False,False,False
147386874868,Mega Kangaskhan ex 051/063 M1s: Mega Symphonia Holo (Japanese),,ETB-01-A-0178,missing_sku,repair,False,False,False
147386876696,Excadrill ex 163/086 SV11B: Black Bolt Holo (Japanese),,ETB-01-A-0179,missing_sku,repair,False,False,False
147386891741,Hearthflame Mask Ogerpon ex 026/187 Sv8a: Terastal Fest Ex Holo (Japanese),,ETB-01-A-0180,missing_sku,repair,False,False,False
147386901974,Wellspring Mask Ogerpon ex 050/187 Sv8a: Terastal Fest Ex Holo (Japanese),,ETB-01-A-0181,missing_sku,repair,False,False,False
147388668248,Rowlet 007/025 McDonald's 25th Anniversary Holo,,ETB-01-A-0182,missing_sku,repair,False,False,False
147388668656,Chespin 006/025 McDonald's 25th Anniversary Holo,,ETB-01-A-0183,missing_sku,repair,False,False,False
147388670202,Chikorita 002/025 McDonald's 25th Anniversary Regular,,ETB-01-A-0184,missing_sku,repair,False,False,False
147388670665,Chimchar 012/025 McDonald's 25th Anniversary Regular,,ETB-01-A-0185,missing_sku,repair,False,False,False
147388673644,Grookey 008/025 McDonald's 25th Anniversary Regular,,ETB-01-A-0186,missing_sku,repair,False,False,False
147388675312,Empoleon 56/236 Sm-Cosmic Eclipse Reverse Holo,,ETB-01-A-0187,missing_sku,repair,False,False,False
147388676961,Araquanid 17/156 Sm-Ultra Prism Reverse Holo,,ETB-01-A-0188,missing_sku,repair,False,False,False
147388677645,Feraligatr Holo Holo Rare SWSH08: Fusion Strike 057/264 NM,,ETB-01-A-0189,missing_sku,repair,False,False,False
147388678985,Drampa 117/156 Sm-Ultra Prism Holo,,ETB-01-A-0190,missing_sku,repair,False,False,False
147388679515,Magneton 69/236 Sm-Cosmic Eclipse Reverse Holo,,ETB-01-A-0191,missing_sku,repair,False,False,False
147388684557,Decidueye 20/236 Sm-Cosmic Eclipse Holo,,ETB-01-A-0192,missing_sku,repair,False,False,False
147388709864,NM Boss's Orders [Corbeau] 2026 Ascended Heroes- 256/217 Ultra Rare- Pokémon,,ETB-01-A-0193,missing_sku,repair,False,False,False
147388715970,Philippe 110/086 Me04: Chaos Rising Holo,,ETB-01-A-0194,missing_sku,repair,False,False,False
147388732713,MetaZoo CCG Humpledumple Seance First Edition 12/165 Holo Gold,,ETB-01-A-0195,missing_sku,repair,False,False,False
147388734669,MetaZoo CCG Jagged Peaks Orb Seance First Edition 35/165 Reverse Holo Gold,,ETB-01-A-0196,missing_sku,repair,False,False,False
147388749204,Misty's Determination 62/68 Hidden Fates Reverse Holo,,ETB-01-A-0197,missing_sku,repair,False,False,False
147388749762,Giovanni's Exile 57/68 Hidden Fates Reverse Holo,,ETB-01-A-0198,missing_sku,repair,False,False,False
147388750514,Jessie & James 58/68 Hidden Fates Reverse Holo,,ETB-01-A-0199,missing_sku,repair,False,False,False
147388751478,Eneporter 106/131 Sm-Forbidden Light Reverse Holo,,ETB-01-A-0200,missing_sku,repair,False,False,False
147391272127,Grand Tree 136/142 Sv07: Stellar Crown Holo ACE Spec,05.19.26,ETB-01-A-0201,date_style_batch_label,repair,False,False,False
147391273471,Abomasnow 42/236 Sm-Unified Minds Reverse Holo,,ETB-01-A-0202,missing_sku,repair,False,False,False
147391363494,Shaymin 015/185 NM SWSH04: Vivid Voltage,06.22.26-030,,possible_card_specific_identifier_manual_review,manual_review,True,False,False
147391363496,Cosmoem 65/149 NM SM Base Set Reverse Holo,06.22.26-024,,possible_card_specific_identifier_manual_review,manual_review,True,False,False
147391363538,Dusknoir 062/172 NM SWSH09: Brilliant Stars,06.22.26-025,,possible_card_specific_identifier_manual_review,manual_review,True,False,False
147391363539,Tapu Fini 040/198 NM SWSH06: Chilling Reign,06.22.26-028,,possible_card_specific_identifier_manual_review,manual_review,True,False,False
147391363576,Regirock 089/185 NM SWSH04: Vivid Voltage Reverse Holo,06.22.26-031,,possible_card_specific_identifier_manual_review,manual_review,True,False,False
147391363577,Talonflame 32/236 NM SM - Unified Minds Reverse Holo,06.22.26-021,,possible_card_specific_identifier_manual_review,manual_review,True,False,False
147391363582,Moltres 021/172 NM SWSH09: Brilliant Stars,06.22.26-026,,possible_card_specific_identifier_manual_review,manual_review,True,False,False
147391363594,Excadrill 115/236 NM SM - Cosmic Eclipse Reverse Holo,06.22.26-022,,possible_card_specific_identifier_manual_review,manual_review,True,False,False
147391363630,Grapploct 092/198 NM SWSH06: Chilling Reign,06.22.26-029,,possible_card_specific_identifier_manual_review,manual_review,True,False,False
147391363631,Butterfree 3/147 NM SM - Burning Shadows Reverse Holo,06.22.26-027,,possible_card_specific_identifier_manual_review,manual_review,True,False,False
147391363638,Stoutland 176/236 NM SM - Cosmic Eclipse Reverse Holo,06.22.26-023,,possible_card_specific_identifier_manual_review,manual_review,True,False,False
147391363971,Regidrago 124/203 NM SWSH07: Evolving Skies,06.22.26-018,,possible_card_specific_identifier_manual_review,manual_review,True,False,False
147391363972,Beedrill 003/185 NM SWSH04: Vivid Voltage Reverse Holo,06.22.26-001,,possible_card_specific_identifier_manual_review,manual_review,True,False,False
147391363973,Galarian Obstagoon 161/264 NM SWSH08: Fusion Strike Reverse Holo,06.22.26-006,,possible_card_specific_identifier_manual_review,manual_review,True,False,False
147391363974,Hydreigon 115/203 NM SWSH07: Evolving Skies Reverse Holo,06.22.26-012,,possible_card_specific_identifier_manual_review,manual_review,True,False,False
147391363975,Altaria 106/203 NM SWSH07: Evolving Skies Reverse Holo,06.22.26-017,,possible_card_specific_identifier_manual_review,manual_review,True,False,False
147391363976,Banette 063/198 NM SWSH06: Chilling Reign Reverse Holo,06.22.26-004,,possible_card_specific_identifier_manual_review,manual_review,True,False,False
147391363977,Zoroark 103/203 NM SWSH07: Evolving Skies Reverse Holo,06.22.26-015,,possible_card_specific_identifier_manual_review,manual_review,True,False,False
147391363978,Spectrier 081/196 NM Trick or Trade 2023,06.22.26-019,,possible_card_specific_identifier_manual_review,manual_review,True,False,False
147391363979,Zygarde 118/203 NM SWSH07: Evolving Skies,06.22.26-013,,possible_card_specific_identifier_manual_review,manual_review,True,False,False
147391363980,Thundurus 052/198 NM SWSH06: Chilling Reign Reverse Holo,06.22.26-008,,possible_card_specific_identifier_manual_review,manual_review,True,False,False
147391363981,Zeraora 061/185 NM SWSH04: Vivid Voltage,06.22.26-003,,possible_card_specific_identifier_manual_review,manual_review,True,False,False
147391363982,Cinderace (034) 034/202 NM SWSH01: Sword & Shield Base Set,06.22.26-009,,possible_card_specific_identifier_manual_review,manual_review,True,False,False
147391363983,Weavile 74/156 NM SM - Ultra Prism,06.22.26-005,,possible_card_specific_identifier_manual_review,manual_review,True,False,False
147391363984,Malamar 90/147 NM SM - Burning Shadows Reverse Holo,06.22.26-010,,possible_card_specific_identifier_manual_review,manual_review,True,False,False
147391363985,Marshadow 080/203 NM SWSH07: Evolving Skies,06.22.26-014,,possible_card_specific_identifier_manual_review,manual_review,True,False,False
147391363986,Yanmega 007/185 NM SWSH04: Vivid Voltage Reverse Holo,06.22.26-002,,possible_card_specific_identifier_manual_review,manual_review,True,False,False
147391363988,Landorus 148/264 NM SWSH08: Fusion Strike,06.22.26-007,,possible_card_specific_identifier_manual_review,manual_review,True,False,False
147391363989,Mimikyu 097/193 NM Trick or Trade 2023,06.22.26-011,,possible_card_specific_identifier_manual_review,manual_review,True,False,False
147391363990,Scrafty 138/236 NM SM - Unified Minds Reverse Holo,06.22.26-020,,possible_card_specific_identifier_manual_review,manual_review,True,False,False
147391517839,Kyogre 003/025 NM Celebrations,06.17.26.1-004,,possible_card_specific_identifier_manual_review,manual_review,True,False,False
147391517905,Reshiram 002/025 NM Celebrations,06.17.26.1-005,,possible_card_specific_identifier_manual_review,manual_review,True,False,False
147391517951,Groudon 017/025 NM Celebrations,06.17.26.1-011,,possible_card_specific_identifier_manual_review,manual_review,True,False,False
147391517952,Lugia 022/025 NM Celebrations,06.17.26.1-009,,possible_card_specific_identifier_manual_review,manual_review,True,False,False
147391517956,Ho-Oh 001/025 NM Celebrations,06.17.26.1-006,,possible_card_specific_identifier_manual_review,manual_review,True,False,False
147391517964,Cosmoem 014/025 NM Celebrations,06.17.26.1-013,,possible_card_specific_identifier_manual_review,manual_review,True,False,False
147391517976,Zekrom 010/025 NM Celebrations,06.17.26.1-007,,possible_card_specific_identifier_manual_review,manual_review,True,False,False
147391517977,Professor's Research 023/025 NM Celebrations,06.17.26.1-008,,possible_card_specific_identifier_manual_review,manual_review,True,False,False
147391517980,Lunala 015/025 NM Celebrations,06.17.26.1-012,,possible_card_specific_identifier_manual_review,manual_review,True,False,False
147391517988,Cosmog 013/025 NM Celebrations,06.17.26.1-001,,possible_card_specific_identifier_manual_review,manual_review,True,False,False
147391517990,Xerneas 012/025 NM Celebrations,06.17.26.1-002,,possible_card_specific_identifier_manual_review,manual_review,True,False,False
147391517998,Palkia 004/025 NM Celebrations,06.17.26.1-003,,possible_card_specific_identifier_manual_review,manual_review,True,False,False
147391518037,Solgaleo 021/025 NM Celebrations,06.17.26.1-010,,possible_card_specific_identifier_manual_review,manual_review,True,False,False
147391532581,Pikachu ex - 057/191 NM SV08: Surging Sparks Holo,06.15.26.1-027,,possible_card_specific_identifier_manual_review,manual_review,True,False,False
147391532582,Latias ex - 076/191 NM SV08: Surging Sparks Holo,06.15.26.1-026,,possible_card_specific_identifier_manual_review,manual_review,True,False,False
147391532583,Mega Gardevoir ex 089/217 NM ME: Ascended Heroes Holo,06.15.26.1-021,,possible_card_specific_identifier_manual_review,manual_review,True,False,False
147391532584,Flygon ex - 222/191 NM SV08: Surging Sparks Holo,06.15.26.1-030,,possible_card_specific_identifier_manual_review,manual_review,True,False,False
147391532588,Simisear VSTAR 023/159 NM SWSH: Crown Zenith Holo,06.15.26.1-033,,possible_card_specific_identifier_manual_review,manual_review,True,False,False
147391532589,Gardevoir VMAX 17/73 NM Champion's Path Holo,06.15.26.1-025,,possible_card_specific_identifier_manual_review,manual_review,True,False,False
147391532591,Rotom VSTAR 046/159 NM SWSH: Crown Zenith Holo,06.15.26.1-034,,possible_card_specific_identifier_manual_review,manual_review,True,False,False
147391532592,Treecko 67/100 NM Crystal Guardians,06.15.26.1-035,,possible_card_specific_identifier_manual_review,manual_review,True,False,False
147391532593,Sprigatito ex - 087 NM SV: Scarlet & Violet Promo Cards Holo,06.15.26.1-023,,possible_card_specific_identifier_manual_review,manual_review,True,False,False
147391532600,Quick Ball 179/202 NM Prize Pack Series Cards Holo,06.15.26.1-012,,possible_card_specific_identifier_manual_review,manual_review,True,False,False
147391532602,Premium Power Pro - 174/132 NM ME01: Mega Evolution Holo,06.15.26.1-013,,possible_card_specific_identifier_manual_review,manual_review,True,False,False
147391532603,Flareon - (#27 Charizard Stamped) SM186 NM Battle Academy,06.15.26.1-016,,possible_card_specific_identifier_manual_review,manual_review,True,False,False
147391532604,Misty's Determination 104/122 NM XY - BREAKpoint,06.15.26.1-005,,possible_card_specific_identifier_manual_review,manual_review,True,False,False
147391532605,Victini 10/145 NM SM - Guardians Rising Reverse Holo,06.15.26.1-009,,possible_card_specific_identifier_manual_review,manual_review,True,False,False
147391532606,Wigglytuff - 105/094 NM ME02: Phantasmal Flames Holo,06.15.26.1-015,,possible_card_specific_identifier_manual_review,manual_review,True,False,False
147391532607,Moltres 22/113 NM Legendary Treasures,06.15.26.1-020,,possible_card_specific_identifier_manual_review,manual_review,True,False,False
147391532608,Team Rocket's Nidoking ex - 217 NM SV: Scarlet & Violet Promo Cards Holo,06.15.26.1-010,,possible_card_specific_identifier_manual_review,manual_review,True,False,False
147391532609,Moltres 9/124 NM XY - Fates Collide,06.15.26.1-019,,possible_card_specific_identifier_manual_review,manual_review,True,False,False
147391532610,Machoke (#22) 22/30 NM XY Trainer Kit: Latias & Latios,06.15.26.1-018,,possible_card_specific_identifier_manual_review,manual_review,True,False,False
147391532611,Misty's Determination 80/108 NM XY - Evolutions,06.15.26.1-004,,possible_card_specific_identifier_manual_review,manual_review,True,False,False
147391532613,Zoroark 73/146 NM XY Base Set,06.15.26.1-002,,possible_card_specific_identifier_manual_review,manual_review,True,False,False
147391532614,Rocket's Admin. 86/109 NM Celebrations: Classic Collection Holo,06.15.26.1-017,,possible_card_specific_identifier_manual_review,manual_review,True,False,False
147391532615,Magnemite 37/108 NM XY - Evolutions Reverse Holo,06.15.26.1-003,,possible_card_specific_identifier_manual_review,manual_review,True,False,False
147391539547,Axew (Poke Ball Pattern) Holo Common SV: Black Bolt 068/086 NM,06.02.26-041,,possible_card_specific_identifier_manual_review,manual_review,True,False,False
147391539801,Lopunny (Poke Ball Pattern) Holo Common SV: Prismatic Evolutions 084/131 NM,06.02.26-005,,possible_card_specific_identifier_manual_review,manual_review,True,False,False
147391539803,Sneasel (Poke Ball Pattern) Holo Common SV: Prismatic Evolutions 061/131 NM,06.02.26-009,,possible_card_specific_identifier_manual_review,manual_review,True,False,False
147391539806,Glass Trumpet (Poke Ball Pattern) Holo SV: Prismatic Evolutions 110/131 NM,06.02.26-013,,possible_card_specific_identifier_manual_review,manual_review,True,False,False
147391539807,Noibat (Poke Ball Pattern) Holo Common SV: Prismatic Evolutions 090/131 NM,06.02.26-007,,possible_card_specific_identifier_manual_review,manual_review,True,False,False
147391539809,Black Belt's Training - (Poke Ball Pattern) SV: Prismatic Evolutions 099/131 NM,06.02.26-017,,possible_card_specific_identifier_manual_review,manual_review,True,False,False
147391539811,Carmine (Poke Ball Pattern) Holo Uncommon SV: Prismatic Evolutions 103/131 NM,06.02.26-015,,possible_card_specific_identifier_manual_review,manual_review,True,False,False
147391539812,Dipplin (Poke Ball Pattern) Holo Uncommon SV: Prismatic Evolutions 010/131 NM,06.02.26-002,,possible_card_specific_identifier_manual_review,manual_review,True,False,False
147391539813,Earthen Vessel (Poke Ball Pattern) SV: Prismatic Evolutions 106/131 NM,06.02.26-020,,possible_card_specific_identifier_manual_review,manual_review,True,False,False
147391539815,Bloodmoon Ursaluna (Poke Ball Pattern) SV: Prismatic Evolutions 054/131 NM,06.02.26-003,,possible_card_specific_identifier_manual_review,manual_review,True,False,False
147391539816,Riolu (Poke Ball Pattern) Holo Common SV: Prismatic Evolutions 050/131 NM,06.02.26-001,,possible_card_specific_identifier_manual_review,manual_review,True,False,False
147391539817,Hippowdon (Poke Ball Pattern) Holo Common SV: Prismatic Evolutions 053/131 NM,06.02.26-012,,possible_card_specific_identifier_manual_review,manual_review,True,False,False
147391539818,Fezandipiti (Poke Ball Pattern) Holo Rare SV: Prismatic Evolutions 045/131 NM,06.02.26-010,,possible_card_specific_identifier_manual_review,manual_review,True,False,False
147391539820,Okidogi (Poke Ball Pattern) Holo Rare SV: Prismatic Evolutions 057/131 NM,06.02.26-006,,possible_card_specific_identifier_manual_review,manual_review,True,False,False
147391539823,Furfrou (Poke Ball Pattern) Holo Common SV: Prismatic Evolutions 088/131 NM,06.02.26-004,,possible_card_specific_identifier_manual_review,manual_review,True,False,False
147391539825,Hoothoot (Poke Ball Pattern) Holo Common SV: Prismatic Evolutions 077/131 NM,06.02.26-008,,possible_card_specific_identifier_manual_review,manual_review,True,False,False
147391539826,Festival Grounds (Poke Ball Pattern) SV: Prismatic Evolutions 108/131 NM,06.02.26-014,,possible_card_specific_identifier_manual_review,manual_review,True,False,False
147391539829,Black Belt's Training - (Poke Ball Pattern) SV: Prismatic Evolutions 097/131 NM,06.02.26-018,,possible_card_specific_identifier_manual_review,manual_review,True,False,False
147391539837,Throh (Poke Ball Pattern) Holo Uncommon SV: Black Bolt 050/086 NM,06.02.26-037,,possible_card_specific_identifier_manual_review,manual_review,True,False,False
147391539839,Patrat (Poke Ball Pattern) Holo Common SV: White Flare 072/086 NM,06.02.26-032,,possible_card_specific_identifier_manual_review,manual_review,True,False,False
147391539840,Escavalier (Poke Ball Pattern) Holo Common SV: Black Bolt 060/086 NM,06.02.26-038,,possible_card_specific_identifier_manual_review,manual_review,True,False,False
147391539841,Professor Turo's Scenario (Poke Ball) SV: Prismatic Evolutions 121/131 NM,06.02.26-022,,possible_card_specific_identifier_manual_review,manual_review,True,False,False
147391539842,Lilligant (Poke Ball Pattern) Holo Uncommon SV: Black Bolt 007/086 NM,06.02.26-030,,possible_card_specific_identifier_manual_review,manual_review,True,False,False
147391539845,Landorus (Poke Ball Pattern) Holo Rare SV: Black Bolt 053/086 NM,06.02.26-033,,possible_card_specific_identifier_manual_review,manual_review,True,False,False
147391539847,Energy Coin (Poke Ball Pattern) Holo Uncommon SV: Black Bolt 081/086 NM,06.02.26-035,,possible_card_specific_identifier_manual_review,manual_review,True,False,False
147391539848,Darmanitan (Poke Ball Pattern) Holo Uncommon SV: Black Bolt 014/086 NM,06.02.26-028,,possible_card_specific_identifier_manual_review,manual_review,True,False,False
147391539849,Haban Berry (Poke Ball Pattern) Holo Common SV: Prismatic Evolutions 111/131 NM,06.02.26-021,,possible_card_specific_identifier_manual_review,manual_review,True,False,False
147391539850,Basculin (Poke Ball Pattern) Holo Common SV: White Flare 024/086 NM,06.02.26-031,,possible_card_specific_identifier_manual_review,manual_review,True,False,False
147391539852,Tympole (Poke Ball Pattern) Holo Common SV: Black Bolt 019/086 NM,06.02.26-040,,possible_card_specific_identifier_manual_review,manual_review,True,False,False
147391539853,Larvesta (Poke Ball Pattern) Holo Common SV: Black Bolt 015/086 NM,06.02.26-036,,possible_card_specific_identifier_manual_review,manual_review,True,False,False
147391539854,Goldeen (Poke Ball Pattern) Holo Common SV: Prismatic Evolutions 020/131 NM,06.02.26-025,,possible_card_specific_identifier_manual_review,manual_review,True,False,False
147391539856,Timburr (Poke Ball Pattern) Holo Common SV: Black Bolt 047/086 NM,06.02.26-034,,possible_card_specific_identifier_manual_review,manual_review,True,False,False
147391539857,Heatran (Poke Ball Pattern) Holo Uncommon SV: Prismatic Evolutions 068/131 NM,06.02.26-027,,possible_card_specific_identifier_manual_review,manual_review,True,False,False
147391539859,Darumaka (Poke Ball Pattern) Holo Common SV: Black Bolt 013/086 NM,06.02.26-029,,possible_card_specific_identifier_manual_review,manual_review,True,False,False
147391539862,Pansage (Poke Ball Pattern) Holo Common SV: Black Bolt 004/086 NM,06.02.26-039,,possible_card_specific_identifier_manual_review,manual_review,True,False,False
147392099542,Psyduck  53/102 - Fossil - Unlimited - DMG,,ETB-01-A-0203,missing_sku,repair,False,False,False
147392507156,Pokémon TCG: Crobat (Illustration Rare) - 93/86 - ME: Chaos Rising,,ETB-01-A-0204,missing_sku,repair,False,False,False
147392531461,Precious Trolley 185/191 Sv08: Surging Sparks Holo,,ETB-01-A-0205,missing_sku,repair,False,False,False
147392532564,Chili & Cilan & Cress (Full Art) 258/264 Swsh08: Fusion Strike Holo,,ETB-01-A-0206,missing_sku,repair,False,False,False
147392533219,Mega Starmie ex 021/088 Me03: Perfect Order Holo,,ETB-01-A-0207,missing_sku,repair,False,False,False
147392545646,SEALED | Xerneas #064 | Best Buy Stamped Promo | Mega Evolution,,ETB-01-A-0208,missing_sku,repair,False,False,False
147393558840,Forest of Vitality Holo Ultra Rare ME03: Perfect Order 109/088 NM,05.28.26-003,,possible_card_specific_identifier_manual_review,manual_review,True,False,False
147393734073,Togedemaru 74/236 Common Cosmic Eclipse Pokemon Reverse Holo Near Mint,CS-2XF89T,,possible_card_specific_identifier_manual_review,manual_review,True,False,False
147393734075,Ambipom 170/236 Uncommon Cosmic Eclipse Pokemon Reverse Holo Near Mint,CS-ACAACB,,possible_card_specific_identifier_manual_review,manual_review,True,False,False
147393734077,Tangela 16/214 Common Unbroken Bonds Pokemon Reverse Holo Near Mint,CS-X2MDWB,,possible_card_specific_identifier_manual_review,manual_review,True,False,False
147393734079,Amoonguss 14/236 Rare Unified Minds Pokemon Reverse Holo Near Mint,CS-CPRU9J,,possible_card_specific_identifier_manual_review,manual_review,True,False,False
147393734080,Xerneas 078/185 Holo Rare Vivid Voltage Pokemon Holo Near Mint,CS-4MDWPJ,,possible_card_specific_identifier_manual_review,manual_review,True,False,False
147393734082,Staryu 13/68 Common Hidden Fates Pokemon Reverse Holo Near Mint,CS-ER2MMT,,possible_card_specific_identifier_manual_review,manual_review,True,False,False
147393734083,Voltorb 21/68 Common Hidden Fates Pokemon Reverse Holo Near Mint,CS-4HUCCR,,possible_card_specific_identifier_manual_review,manual_review,True,False,False
147393734084,Capturing Aroma 153/195 Uncommon Prize Pack Series Cards Pokemon Holo Near Mint,CS-3JF7BU,,possible_card_specific_identifier_manual_review,manual_review,True,False,False
147395085764,Lugia - 78/124 (XY Fates Collide) 078/124 Deck Exclusives,06.24.26.1,,possible_card_specific_identifier_manual_review,manual_review,True,False,False
147395228624,Alomomola 112/086 Art Rare SV11B: Black Bolt Pokemon Japanese Holo Near Mint,CS-A76CHS,,possible_card_specific_identifier_manual_review,manual_review,True,False,False
147395228631,Lunatone 184/172 Art Rare VSTAR Universe Pokemon Japanese Holo Near Mint,CS-6CZTP5,,possible_card_specific_identifier_manual_review,manual_review,True,False,False
147395228635,Feebas 110/106 Art Rare Super Electric Breaker Pokemon Japanese Holo Near Mint,CS-6EXRJC,,possible_card_specific_identifier_manual_review,manual_review,True,False,False
147395242784,Slowpoke 67/82 Common Team Rocket Pokemon 1st Edition Near Mint,CS-96XXGR,,possible_card_specific_identifier_manual_review,manual_review,True,False,False
147395242787,Chikorita (Cosmos Holo) 069 Holo Promo ME: Mega Evolution Promo Pokemon Holo NM,CS-WTXVZF,,possible_card_specific_identifier_manual_review,manual_review,True,False,False
147395242788,Zekrom ex 034/086 Holo Double Rare Black Bolt Pokemon Holo Near Mint,CS-P9SZ8G,,possible_card_specific_identifier_manual_review,manual_review,True,False,False
147395242794,Dragonite V SWSH154 Holo Promo Sword & Shield Promo Pokemon Holo Near Mint,CS-F454W9,,possible_card_specific_identifier_manual_review,manual_review,True,False,False
147395242796,Erika's Vileplume ex 003/217 Double Rare Ascended Heroes Pokemon Holo Near Mint,CS-JV59HJ,,possible_card_specific_identifier_manual_review,manual_review,True,False,False
147395242799,Venusaur ex 003/165 Double Rare 151 Pokemon Holo Near Mint,CS-V8DY6A,,possible_card_specific_identifier_manual_review,manual_review,True,False,False
147395285960,Clamorous Ironclad (Borderless) 312 Common Aetherdrift Magic: The Gathering NM,CS-9T5WEH,,possible_card_specific_identifier_manual_review,manual_review,True,False,False
147395285961,Mouser Attack! 0095 Common Teenage Mutant Ninja Turtles Magic: The Gathering NM,CS-M5PXWD,,possible_card_specific_identifier_manual_review,manual_review,True,False,False
147395285962,Turtle Blimp 0180 Uncommon Teenage Mutant Ninja Turtles Magic: The Gathering NM,CS-ZFVWQJ,,possible_card_specific_identifier_manual_review,manual_review,True,False,False
147395285963,Cowabunga! 0113 Mythic Teenage Mutant Ninja Turtles Magic: The Gathering NM,CS-NEM8GF,,possible_card_specific_identifier_manual_review,manual_review,True,False,False
147395285964,Hamato Guardian Stance 0008 Teenage Mutant Ninja Turtles Magic: The Gathering NM,CS-RYQYKF,,possible_card_specific_identifier_manual_review,manual_review,True,False,False
147395285965,Anchovy & Banana Pizza 0057 Teenage Mutant Ninja Turtles Magic: The Gathering NM,CS-UNDTSD,,possible_card_specific_identifier_manual_review,manual_review,True,False,False
147395285966,Crustacean Commando 0033 Teenage Mutant Ninja Turtles Magic: The Gathering NM,CS-EFQBCK,,possible_card_specific_identifier_manual_review,manual_review,True,False,False
147395285967,High-Flying Ace 0009 Common Teenage Mutant Ninja Turtles Magic: The Gathering NM,CS-YD3ZYW,,possible_card_specific_identifier_manual_review,manual_review,True,False,False
147395285968,Insectoid Exterminator 0064 Teenage Mutant Ninja Turtles Magic: The Gathering NM,CS-FMAJNQ,,possible_card_specific_identifier_manual_review,manual_review,True,False,False
147395285969,Primordial Pachyderm 0129 Teenage Mutant Ninja Turtles Magic: The Gathering NM,CS-FYCH7N,,possible_card_specific_identifier_manual_review,manual_review,True,False,False
147395285970,Mechanized Ninja Cavalry 0156 Teenage Mutant Ninja Turtles MTG NM,CS-Z5G7PS,,possible_card_specific_identifier_manual_review,manual_review,True,False,False
147395285971,Omni-Cheese Pizza 0176 Teenage Mutant Ninja Turtles Magic: The Gathering NM,CS-SXZ89V,,possible_card_specific_identifier_manual_review,manual_review,True,False,False
147395285973,Purple Dragon Punks 0100 Teenage Mutant Ninja Turtles Magic: The Gathering NM,CS-U8757M,,possible_card_specific_identifier_manual_review,manual_review,True,False,False
147395285974,Utrom Scientists 0056 Teenage Mutant Ninja Turtles Magic: The Gathering NM,CS-Q9G353,,possible_card_specific_identifier_manual_review,manual_review,True,False,False
147395285975,"Donatello, Turtle Techie 0037 Teenage Mutant Ninja Turtles MTG NM",CS-9XXSQK,,possible_card_specific_identifier_manual_review,manual_review,True,False,False
147395285976,Ragamuffin Raptor 0130 Teenage Mutant Ninja Turtles Magic: The Gathering NM,CS-FM4D7T,,possible_card_specific_identifier_manual_review,manual_review,True,False,False
147395285978,Stomped by the Foot 0082 Teenage Mutant Ninja Turtles Magic: The Gathering NM,CS-QYD3CN,,possible_card_specific_identifier_manual_review,manual_review,True,False,False
147395285979,Foot Mystic 0063 Common Teenage Mutant Ninja Turtles Magic: The Gathering NM,CS-9Z729D,,possible_card_specific_identifier_manual_review,manual_review,True,False,False
147395285981,Mind Transfer Protocol 0045 Teenage Mutant Ninja Turtles Magic: The Gathering NM,CS-ZSQ67Y,,possible_card_specific_identifier_manual_review,manual_review,True,False,False
147395285982,Negate 0047 Common Teenage Mutant Ninja Turtles Magic: The Gathering Near Mint,CS-JPUNTG,,possible_card_specific_identifier_manual_review,manual_review,True,False,False
147395285983,High-Flying Ace 0009 Common Teenage Mutant Ninja Turtles Magic: The Gathering NM,CS-YD3ZYW,,possible_card_specific_identifier_manual_review,manual_review,True,False,False
147395285984,EPF Point Squad 0145 Common Teenage Mutant Ninja Turtles Magic: The Gathering NM,CS-AYYWNY,,possible_card_specific_identifier_manual_review,manual_review,True,False,False
147395285985,Zoo Escapees 0138 Common Teenage Mutant Ninja Turtles Magic: The Gathering NM,CS-3RXC2B,,possible_card_specific_identifier_manual_review,manual_review,True,False,False
147395285986,Prishe's Wanderings 193 Common FINAL FANTASY Magic: The Gathering Near Mint,CS-H554US,,possible_card_specific_identifier_manual_review,manual_review,True,False,False
147395285987,Qiqirn Merchant 65 Common FINAL FANTASY Magic: The Gathering Near Mint,CS-TAFFBR,,possible_card_specific_identifier_manual_review,manual_review,True,False,False
147395285989,Slash of Light 32 Common FINAL FANTASY Magic: The Gathering Near Mint,CS-45MECD,,possible_card_specific_identifier_manual_review,manual_review,True,False,False
147395285991,Summon: Fat Chocobo 202 Common FINAL FANTASY Magic: The Gathering Near Mint,CS-X8PSNP,,possible_card_specific_identifier_manual_review,manual_review,True,False,False
147395285992,Shinra Reinforcements 118 Common FINAL FANTASY Magic: The Gathering Near Mint,CS-22YCFC,,possible_card_specific_identifier_manual_review,manual_review,True,False,False
147395285994,Qutrub Forayer 112 Common FINAL FANTASY Magic: The Gathering Near Mint,CS-M6BU7W,,possible_card_specific_identifier_manual_review,manual_review,True,False,False
147395285995,Call the Mountain Chocobo 131 Common FINAL FANTASY Magic: The Gathering NM,CS-6D3WY7,,possible_card_specific_identifier_manual_review,manual_review,True,False,False
147395285996,Foot Ninjas 0147 Common Teenage Mutant Ninja Turtles Magic: The Gathering NM,CS-QCMSMJ,,possible_card_specific_identifier_manual_review,manual_review,True,False,False
147395285997,Coeurl 12 Common FINAL FANTASY Magic: The Gathering Near Mint,CS-KVHZJZ,,possible_card_specific_identifier_manual_review,manual_review,True,False,False
147395285999,Commune with Beavers 182 Common FINAL FANTASY Magic: The Gathering Near Mint,CS-CKJ84D,,possible_card_specific_identifier_manual_review,manual_review,True,False,False
147395286000,Hill Gigas 141 Common FINAL FANTASY Magic: The Gathering Near Mint,CS-M9R2X5,,possible_card_specific_identifier_manual_review,manual_review,True,False,False
147395286002,Ice Flan 55 Common FINAL FANTASY Magic: The Gathering Near Mint,CS-KSGNM7,,possible_card_specific_identifier_manual_review,manual_review,True,False,False
147395286003,Adventurer's Airship 252 Common FINAL FANTASY Magic: The Gathering Near Mint,CS-NXTUU9,,possible_card_specific_identifier_manual_review,manual_review,True,False,False
147395286004,Gran Pulse Ochu 189 Common FINAL FANTASY Magic: The Gathering Near Mint,CS-59KRPW,,possible_card_specific_identifier_manual_review,manual_review,True,False,False
147395286005,Summon: Choco/Mog 35 Common FINAL FANTASY Magic: The Gathering Near Mint,CS-R5945G,,possible_card_specific_identifier_manual_review,manual_review,True,False,False
147395286006,Item Shopkeep 142 Common FINAL FANTASY Magic: The Gathering Near Mint,CS-ZTETTR,,possible_card_specific_identifier_manual_review,manual_review,True,False,False
147395286007,Malboro 106 Common FINAL FANTASY Magic: The Gathering Near Mint,CS-9TE6TP,,possible_card_specific_identifier_manual_review,manual_review,True,False,False
147395286008,Bard's Bow 174 Common FINAL FANTASY Magic: The Gathering Near Mint,CS-WJDNSS,,possible_card_specific_identifier_manual_review,manual_review,True,False,False
147395286009,Rook Turret 69 Common FINAL FANTASY Magic: The Gathering Near Mint,CS-MFGYE8,,possible_card_specific_identifier_manual_review,manual_review,True,False,False
147395286010,Coeurl 12 Common FINAL FANTASY Magic: The Gathering Near Mint,CS-KVHZJZ,,possible_card_specific_identifier_manual_review,manual_review,True,False,False
147395286011,Monk's Fist 265 Common FINAL FANTASY Magic: The Gathering Near Mint,CS-G689BA,,possible_card_specific_identifier_manual_review,manual_review,True,False,False
147395286012,Sahagin 71 Common FINAL FANTASY Magic: The Gathering Near Mint,CS-R2WT4E,,possible_card_specific_identifier_manual_review,manual_review,True,False,False
147395286013,Qutrub Forayer 112 Common FINAL FANTASY Magic: The Gathering Near Mint,CS-M6BU7W,,possible_card_specific_identifier_manual_review,manual_review,True,False,False
147395286014,Call the Mountain Chocobo 131 Common FINAL FANTASY Magic: The Gathering NM,CS-6D3WY7,,possible_card_specific_identifier_manual_review,manual_review,True,False,False
147395286015,Ice Flan 55 Common FINAL FANTASY Magic: The Gathering Near Mint,CS-KSGNM7,,possible_card_specific_identifier_manual_review,manual_review,True,False,False
147395286016,Commune with Beavers 182 Common FINAL FANTASY Magic: The Gathering Near Mint,CS-CKJ84D,,possible_card_specific_identifier_manual_review,manual_review,True,False,False
147395286017,Summon: Choco/Mog 35 Common FINAL FANTASY Magic: The Gathering Near Mint,CS-R5945G,,possible_card_specific_identifier_manual_review,manual_review,True,False,False
147395286018,White Auracite 41 Common FINAL FANTASY Magic: The Gathering Near Mint,CS-MK44GQ,,possible_card_specific_identifier_manual_review,manual_review,True,False,False
147395286020,Qutrub Forayer 112 Common FINAL FANTASY Magic: The Gathering Near Mint,CS-M6BU7W,,possible_card_specific_identifier_manual_review,manual_review,True,False,False
147395286021,Item Shopkeep 142 Common FINAL FANTASY Magic: The Gathering Near Mint,CS-ZTETTR,,possible_card_specific_identifier_manual_review,manual_review,True,False,False
147395286022,Call the Mountain Chocobo 131 Common FINAL FANTASY Magic: The Gathering NM,CS-6D3WY7,,possible_card_specific_identifier_manual_review,manual_review,True,False,False
147395286023,Goobbue Gardener 188 Common FINAL FANTASY Magic: The Gathering Near Mint,CS-4JKD9B,,possible_card_specific_identifier_manual_review,manual_review,True,False,False
147395286024,Adventurer's Airship 252 Common FINAL FANTASY Magic: The Gathering Near Mint,CS-NXTUU9,,possible_card_specific_identifier_manual_review,manual_review,True,False,False
147395286025,Loporrit Scout 192 Common FINAL FANTASY Magic: The Gathering Near Mint,CS-BSPVSG,,possible_card_specific_identifier_manual_review,manual_review,True,False,False
147395286026,Aerith Rescue Mission 5 Common FINAL FANTASY Magic: The Gathering Near Mint,CS-3JVVKX,,possible_card_specific_identifier_manual_review,manual_review,True,False,False
147395286027,Light of Judgment 144 Common FINAL FANTASY Magic: The Gathering Near Mint,CS-4U6ZS3,,possible_card_specific_identifier_manual_review,manual_review,True,False,False
147395286029,Stuck in Summoner's Sanctum 76 Common FINAL FANTASY Magic: The Gathering NM,CS-DN5CU8,,possible_card_specific_identifier_manual_review,manual_review,True,False,False
147395286030,Sephiroth's Intervention 116 Common FINAL FANTASY Magic: The Gathering Near Mint,CS-TETYXD,,possible_card_specific_identifier_manual_review,manual_review,True,False,False
147395286031,Gigantoad 187 Common FINAL FANTASY Magic: The Gathering Near Mint,CS-YRQJ39,,possible_card_specific_identifier_manual_review,manual_review,True,False,False
147395286032,You're Not Alone 44 Common FINAL FANTASY Magic: The Gathering Near Mint,CS-VHZD7S,,possible_card_specific_identifier_manual_review,manual_review,True,False,False
147395286033,Magic Pot 263 Common FINAL FANTASY Magic: The Gathering Near Mint,CS-D342SJ,,possible_card_specific_identifier_manual_review,manual_review,True,False,False
147395286034,Gigantoad 187 Common FINAL FANTASY Magic: The Gathering Near Mint,CS-YRQJ39,,possible_card_specific_identifier_manual_review,manual_review,True,False,False
147395286035,Sephiroth's Intervention 116 Common FINAL FANTASY Magic: The Gathering Near Mint,CS-TETYXD,,possible_card_specific_identifier_manual_review,manual_review,True,False,False
147395286036,Stuck in Summoner's Sanctum 76 Common FINAL FANTASY Magic: The Gathering NM,CS-DN5CU8,,possible_card_specific_identifier_manual_review,manual_review,True,False,False
147395286037,You're Not Alone 44 Common FINAL FANTASY Magic: The Gathering Near Mint,CS-VHZD7S,,possible_card_specific_identifier_manual_review,manual_review,True,False,False
147395286038,Blazing Bomb 130 Common FINAL FANTASY Magic: The Gathering Near Mint,CS-4XRMDS,,possible_card_specific_identifier_manual_review,manual_review,True,False,False
147395286039,Fight On! 100 Common FINAL FANTASY Magic: The Gathering Near Mint,CS-T5ZHEA,,possible_card_specific_identifier_manual_review,manual_review,True,False,False
147395286040,World Map 270 Common FINAL FANTASY Magic: The Gathering Near Mint,CS-5FSNDD,,possible_card_specific_identifier_manual_review,manual_review,True,False,False
147395286041,Light of Judgment 144 Common FINAL FANTASY Magic: The Gathering Near Mint,CS-4U6ZS3,,possible_card_specific_identifier_manual_review,manual_review,True,False,False
147395286042,Sephiroth's Intervention 116 Common FINAL FANTASY Magic: The Gathering Near Mint,CS-TETYXD,,possible_card_specific_identifier_manual_review,manual_review,True,False,False
147395286043,Gigantoad 187 Common FINAL FANTASY Magic: The Gathering Near Mint,CS-YRQJ39,,possible_card_specific_identifier_manual_review,manual_review,True,False,False
147395286044,Rook Turret 69 Common FINAL FANTASY Magic: The Gathering Near Mint,CS-MFGYE8,,possible_card_specific_identifier_manual_review,manual_review,True,False,False
147395286045,Aerith Rescue Mission 5 Common FINAL FANTASY Magic: The Gathering Near Mint,CS-3JVVKX,,possible_card_specific_identifier_manual_review,manual_review,True,False,False
147395286046,Loporrit Scout 192 Common FINAL FANTASY Magic: The Gathering Near Mint,CS-BSPVSG,,possible_card_specific_identifier_manual_review,manual_review,True,False,False
147395286047,Gysahl Greens 190 Common FINAL FANTASY Magic: The Gathering Near Mint,CS-2RACUS,,possible_card_specific_identifier_manual_review,manual_review,True,False,False
147395286048,Blitzball 254 Common FINAL FANTASY Magic: The Gathering Near Mint,CS-WXRSJ5,,possible_card_specific_identifier_manual_review,manual_review,True,False,False
147395286049,Gaelicat 22 Common FINAL FANTASY Magic: The Gathering Near Mint,CS-YBMTGP,,possible_card_specific_identifier_manual_review,manual_review,True,False,False
147395286050,Magic Damper 61 Common FINAL FANTASY Magic: The Gathering Near Mint,CS-555RED,,possible_card_specific_identifier_manual_review,manual_review,True,False,False
147395286051,Summon: G.F. Ifrit 163 Common FINAL FANTASY Magic: The Gathering Near Mint,CS-QT9AN7,,possible_card_specific_identifier_manual_review,manual_review,True,False,False
147395286052,Gran Pulse Ochu 189 Common FINAL FANTASY Magic: The Gathering Near Mint,CS-59KRPW,,possible_card_specific_identifier_manual_review,manual_review,True,False,False
147395286053,Ahriman 87 Common FINAL FANTASY Magic: The Gathering Near Mint,CS-VK6329,,possible_card_specific_identifier_manual_review,manual_review,True,False,False
147395286055,Sahagin 71 Common FINAL FANTASY Magic: The Gathering Near Mint,CS-R2WT4E,,possible_card_specific_identifier_manual_review,manual_review,True,False,False
147395286165,Surgeon ~General~ Commander 072/096 The List Reprints MTG Foil NM,CS-8524U5,,possible_card_specific_identifier_manual_review,manual_review,True,False,False
147395286166,"Kairi, the Swirling Sky 60 Mythic Prerelease Cards Magic: The Gathering Foil NM",CS-C59ZD8,,possible_card_specific_identifier_manual_review,manual_review,True,False,False
147395286167,Revitalize (Foil Etched) 9 Strixhaven: Mystical Archives MTG Foil NM,CS-BAEW3B,,possible_card_specific_identifier_manual_review,manual_review,True,False,False
147395286168,Divine Gambit (Foil Etched) 4 Strixhaven: Mystical Archives MTG Foil NM,CS-GRDGQC,,possible_card_specific_identifier_manual_review,manual_review,True,False,False
147395286170,Kindslaver 150/216 Rare The List Reprints Magic: The Gathering Foil Near Mint,CS-RKD6N5,,possible_card_specific_identifier_manual_review,manual_review,True,False,False
147395286171,Compulsive Research (Foil Etched) 14 Strixhaven: Mystical Archives MTG Foil NM,CS-B8GB2N,,possible_card_specific_identifier_manual_review,manual_review,True,False,False
147395286172,Claim the Firstborn (Foil Etched) 37 Strixhaven: Mystical Archives MTG Foil NM,CS-489U88,,possible_card_specific_identifier_manual_review,manual_review,True,False,False
147395286173,Oddly Uneven 15 Rare Unstable Magic: The Gathering Foil Near Mint,CS-PZ4N9K,,possible_card_specific_identifier_manual_review,manual_review,True,False,False
147395286174,Adult Gold Dragon (Borderless) 297 Adventures in the Forgotten Realms MTG NM,CS-X3CUGF,,possible_card_specific_identifier_manual_review,manual_review,True,False,False
147395286175,Infuriate (Foil Etched) 41 Strixhaven: Mystical Archives MTG Foil NM,CS-NRSPKB,,possible_card_specific_identifier_manual_review,manual_review,True,False,False
147395286176,Eastern Paladin 132 Rare 7th Edition Magic: The Gathering Near Mint,CS-RDCEUC,,possible_card_specific_identifier_manual_review,manual_review,True,False,False
147395286177,Channel (Foil Etched) 50 Strixhaven: Mystical Archives MTG Foil NM,CS-3BS7DJ,,possible_card_specific_identifier_manual_review,manual_review,True,False,False
147395286178,Timeless Dragon (Extended Art) 445 Modern Horizons 2 MTG NM,CS-3RYMCJ,,possible_card_specific_identifier_manual_review,manual_review,True,False,False
147395286179,Modular Monstrosity 155/216 Rare The List Reprints Magic: The Gathering Foil NM,CS-2JDAHT,,possible_card_specific_identifier_manual_review,manual_review,True,False,False
147395286180,Dr. Julius Jumblemorph 130 Mythic Unstable Magic: The Gathering Foil Near Mint,CS-WQDWCM,,possible_card_specific_identifier_manual_review,manual_review,True,False,False
147395286181,Better Than One 128 Rare Unstable Magic: The Gathering Foil Near Mint,CS-WUVUQM,,possible_card_specific_identifier_manual_review,manual_review,True,False,False
147395286182,Intrepid Hero 26 Rare 8th Edition Magic: The Gathering Near Mint,CS-44QN5A,,possible_card_specific_identifier_manual_review,manual_review,True,False,False
147395286183,Restless Bloodseeker (Showcase) 295 Innistrad: Crimson Vow MTG Foil NM,CS-QJKUEP,,possible_card_specific_identifier_manual_review,manual_review,True,False,False
147395286184,Hot Fix 133 Rare Unstable Magic: The Gathering Foil Near Mint,CS-UDS2HH,,possible_card_specific_identifier_manual_review,manual_review,True,False,False
147395286185,Strategic Planning (Foil Etched) 20 Strixhaven: Mystical Archives MTG Foil NM,CS-BZSA9R,,possible_card_specific_identifier_manual_review,manual_review,True,False,False
147395286186,Jhoira of the Ghitu 1 Duel Decks: Mind vs. Might Magic: The Gathering Foil NM,CS-MF7HUV,,possible_card_specific_identifier_manual_review,manual_review,True,False,False
147395286187,Nahiri's Warcrafting (Extended Art) 365 March of the Machine MTG Foil NM,CS-Z8QJHN,,possible_card_specific_identifier_manual_review,manual_review,True,False,False
147395286188,Magnivore 202 Rare 9th Edition Magic: The Gathering Near Mint,CS-2U3CXF,,possible_card_specific_identifier_manual_review,manual_review,True,False,False
147395286189,Mascot Exhibition (Extended Art) 285 Strixhaven: School of Mages MTG Foil NM,CS-TJTGXB,,possible_card_specific_identifier_manual_review,manual_review,True,False,False
147395286190,As Luck Would Have It 102/216 The List Reprints Magic: The Gathering Foil NM,CS-Z5E5SR,,possible_card_specific_identifier_manual_review,manual_review,True,False,False
147400859186,EEVEE 054/078 POKEMON GO COMMON NM,CS-RYWBVP,,possible_card_specific_identifier_manual_review,manual_review,True,False,False
147400859187,EEVEE 054/078 POKEMON GO COMMON NM,CS-RYWBVP,,possible_card_specific_identifier_manual_review,manual_review,True,False,False
147400859188,GYARADOS 022/078 POKEMON GO REVERSE HOLO HOLO RARE NM,CS-N9S7GX,,possible_card_specific_identifier_manual_review,manual_review,True,False,False
147400859190,MELMETAL 046/078 POKEMON GO HOLO HOLO RARE NM,CS-N6NPFH,,possible_card_specific_identifier_manual_review,manual_review,True,False,False
147400859191,GOLISOPOD 026/078 POKEMON GO HOLO HOLO RARE NM,CS-GDK9BH,,possible_card_specific_identifier_manual_review,manual_review,True,False,False
147400859194,SPINARAK 006/078 POKEMON GO COMMON NM,CS-MF6838,,possible_card_specific_identifier_manual_review,manual_review,True,False,False
147400859195,CAMERUPT 014/078 POKEMON GO UNCOMMON NM,CS-XTJZ6X,,possible_card_specific_identifier_manual_review,manual_review,True,False,False
147400859196,CAMERUPT 014/078 POKEMON GO UNCOMMON NM,CS-XTJZ6X,,possible_card_specific_identifier_manual_review,manual_review,True,False,False
147400859199,CHARMANDER 008/078 POKEMON GO COMMON NM,CS-F2FCAK,,possible_card_specific_identifier_manual_review,manual_review,True,False,False
147400859201,CHARMANDER 008/078 POKEMON GO COMMON NM,CS-F2FCAK,,possible_card_specific_identifier_manual_review,manual_review,True,False,False
147400859202,CHARMANDER 008/078 POKEMON GO COMMON NM,CS-F2FCAK,,possible_card_specific_identifier_manual_review,manual_review,True,False,False
147400859205,CHANSEY 051/078 POKEMON GO UNCOMMON NM,CS-6VUBWA,,possible_card_specific_identifier_manual_review,manual_review,True,False,False
147400859206,EEVEE 054/078 POKEMON GO COMMON NM,CS-RYWBVP,,possible_card_specific_identifier_manual_review,manual_review,True,False,False
147400859207,EEVEE 054/078 POKEMON GO COMMON NM,CS-RYWBVP,,possible_card_specific_identifier_manual_review,manual_review,True,False,False
147400859212,TYRANITAR 043/078 POKEMON GO HOLO HOLO RARE NM,CS-4X22N7,,possible_card_specific_identifier_manual_review,manual_review,True,False,False
147400859214,ARTICUNO 024/078 POKEMON GO REVERSE HOLO HOLO RARE NM,CS-CR3JKU,,possible_card_specific_identifier_manual_review,manual_review,True,False,False
147400859215,GYARADOS 022/078 POKEMON GO HOLO HOLO RARE NM,CS-ZZ6HNG,,possible_card_specific_identifier_manual_review,manual_review,True,False,False
147400859216,BLISSEY 052/078 POKEMON GO HOLO HOLO RARE NM,CS-FVMCM2,,possible_card_specific_identifier_manual_review,manual_review,True,False,False
147400859217,GYARADOS 022/078 POKEMON GO REVERSE HOLO HOLO RARE NM,CS-N9S7GX,,possible_card_specific_identifier_manual_review,manual_review,True,False,False
147400859221,GOLISOPOD 026/078 POKEMON GO HOLO HOLO RARE NM,CS-GDK9BH,,possible_card_specific_identifier_manual_review,manual_review,True,False,False
147400859225,XATU 033/078 POKEMON GO UNCOMMON NM,CS-P5YDTG,,possible_card_specific_identifier_manual_review,manual_review,True,False,False
147400859226,XATU 033/078 POKEMON GO UNCOMMON NM,CS-P5YDTG,,possible_card_specific_identifier_manual_review,manual_review,True,False,False
147400859227,XATU 033/078 POKEMON GO UNCOMMON NM,CS-P5YDTG,,possible_card_specific_identifier_manual_review,manual_review,True,False,False
147400859230,IVYSAUR 002/078 POKEMON GO UNCOMMON NM,CS-PAWDB5,,possible_card_specific_identifier_manual_review,manual_review,True,False,False
147400859231,IVYSAUR 002/078 POKEMON GO UNCOMMON NM,CS-PAWDB5,,possible_card_specific_identifier_manual_review,manual_review,True,False,False
147400859233,BIBAREL 060/078 POKEMON GO COMMON NM,CS-UXU87J,,possible_card_specific_identifier_manual_review,manual_review,True,False,False
147400859235,BIDOOF 059/078 POKEMON GO COMMON NM,CS-G5ZBB8,,possible_card_specific_identifier_manual_review,manual_review,True,False,False
147400859238,BULBASAUR 001/078 POKEMON GO COMMON NM,CS-RDSFJP,,possible_card_specific_identifier_manual_review,manual_review,True,False,False
147400859240,BULBASAUR 001/078 POKEMON GO COMMON NM,CS-RDSFJP,,possible_card_specific_identifier_manual_review,manual_review,True,False,False
147400859242,AMBIPOM 057/078 POKEMON GO COMMON NM,CS-GCQD3F,,possible_card_specific_identifier_manual_review,manual_review,True,False,False
147400859247,AIPOM 056/078 POKEMON GO COMMON NM,CS-26SNRW,,possible_card_specific_identifier_manual_review,manual_review,True,False,False
147400859248,AIPOM 056/078 POKEMON GO COMMON NM,CS-26SNRW,,possible_card_specific_identifier_manual_review,manual_review,True,False,False
147400859249,AIPOM 056/078 POKEMON GO COMMON NM,CS-26SNRW,,possible_card_specific_identifier_manual_review,manual_review,True,False,False
147400859254,CHARMELEON 19/147 BURNING SHADOWS UNCOMMON NM,CS-7ENYNP,,possible_card_specific_identifier_manual_review,manual_review,True,False,False
147400859255,EELEKTRIK 45/147 BURNING SHADOWS UNCOMMON NM,CS-E73GPU,,possible_card_specific_identifier_manual_review,manual_review,True,False,False
147400859257,MAINTENANCE 79/108 EVOLUTIONS UNCOMMON NM,CS-WXP8KM,,possible_card_specific_identifier_manual_review,manual_review,True,False,False
147400859260,CHANSEY 051/078 POKEMON GO UNCOMMON NM,CS-6VUBWA,,possible_card_specific_identifier_manual_review,manual_review,True,False,False
147400859261,SLOWPOKE 019/078 POKEMON GO COMMON NM,CS-FCXHVH,,possible_card_specific_identifier_manual_review,manual_review,True,False,False
147400859262,SOLROCK 039/078 POKEMON GO UNCOMMON NM,CS-8TVQFE,,possible_card_specific_identifier_manual_review,manual_review,True,False,False
147400859266,NATU 032/078 POKEMON GO COMMON NM,CS-QC35C7,,possible_card_specific_identifier_manual_review,manual_review,True,False,False
147400859269,BIBAREL 060/078 POKEMON GO COMMON NM,CS-UXU87J,,possible_card_specific_identifier_manual_review,manual_review,True,False,False
147400859270,SLOWPOKE 019/078 POKEMON GO COMMON NM,CS-FCXHVH,,possible_card_specific_identifier_manual_review,manual_review,True,False,False
147400859271,LURE MODULE 067/078 POKEMON GO UNCOMMON NM,CS-BEEKM8,,possible_card_specific_identifier_manual_review,manual_review,True,False,False
147400859274,EGG INCUBATOR 066/078 POKEMON GO UNCOMMON NM,CS-JY96BS,,possible_card_specific_identifier_manual_review,manual_review,True,False,False
147400859275,AIPOM 056/078 POKEMON GO COMMON NM,CS-26SNRW,,possible_card_specific_identifier_manual_review,manual_review,True,False,False
147400859278,ARIADOS 007/078 POKEMON GO UNCOMMON NM,CS-EBP8MB,,possible_card_specific_identifier_manual_review,manual_review,True,False,False
147400859279,ARIADOS 007/078 POKEMON GO UNCOMMON NM,CS-EBP8MB,,possible_card_specific_identifier_manual_review,manual_review,True,False,False
147400859280,AMBIPOM 057/078 POKEMON GO COMMON NM,CS-GCQD3F,,possible_card_specific_identifier_manual_review,manual_review,True,False,False
147400859283,AMBIPOM 057/078 POKEMON GO COMMON NM,CS-GCQD3F,,possible_card_specific_identifier_manual_review,manual_review,True,False,False
147400859287,LUNATONE 034/078 POKEMON GO UNCOMMON NM,CS-BRB9KT,,possible_card_specific_identifier_manual_review,manual_review,True,False,False
147400859290,PIKACHU 027/078 POKEMON GO COMMON NM,CS-TNUXKV,,possible_card_specific_identifier_manual_review,manual_review,True,False,False
147400859292,PIDOVE 061/078 POKEMON GO COMMON NM,CS-FK3VRN,,possible_card_specific_identifier_manual_review,manual_review,True,False,False
147400859293,PIDOVE 061/078 POKEMON GO COMMON NM,CS-FK3VRN,,possible_card_specific_identifier_manual_review,manual_review,True,False,False
147400859294,MELTAN 045/078 POKEMON GO COMMON NM,CS-EF6TMH,,possible_card_specific_identifier_manual_review,manual_review,True,False,False
147400859295,MAGIKARP 021/078 POKEMON GO COMMON NM,CS-6RQFMW,,possible_card_specific_identifier_manual_review,manual_review,True,False,False
147400859297,MELTAN 045/078 POKEMON GO COMMON NM,CS-EF6TMH,,possible_card_specific_identifier_manual_review,manual_review,True,False,False
147400859299,SLOWBRO 020/078 POKEMON GO UNCOMMON NM,CS-YBQ6PK,,possible_card_specific_identifier_manual_review,manual_review,True,False,False
147400859302,STEELIX 044/078 POKEMON GO UNCOMMON NM,CS-6WNZCT,,possible_card_specific_identifier_manual_review,manual_review,True,False,False
147400859303,SLOWPOKE 019/078 POKEMON GO COMMON NM,CS-FCXHVH,,possible_card_specific_identifier_manual_review,manual_review,True,False,False
147400859308,ALOLAN RATTATA 041/078 POKEMON GO COMMON NM,CS-3CB27F,,possible_card_specific_identifier_manual_review,manual_review,True,False,False
147400859310,SOLROCK 039/078 POKEMON GO UNCOMMON NM,CS-8TVQFE,,possible_card_specific_identifier_manual_review,manual_review,True,False,False
147400859313,ALOLAN RATICATE 042/078 POKEMON GO COMMON NM,CS-CR9SQH,,possible_card_specific_identifier_manual_review,manual_review,True,False,False
147400859314,ALOLAN RATICATE 042/078 POKEMON GO COMMON NM,CS-CR9SQH,,possible_card_specific_identifier_manual_review,manual_review,True,False,False
147400859316,TRANQUILL 062/078 POKEMON GO COMMON NM,CS-BXYDJE,,possible_card_specific_identifier_manual_review,manual_review,True,False,False
147400859320,TRANQUILL 062/078 POKEMON GO COMMON NM,CS-BXYDJE,,possible_card_specific_identifier_manual_review,manual_review,True,False,False
147400859323,TRANQUILL 062/078 POKEMON GO COMMON NM,CS-BXYDJE,,possible_card_specific_identifier_manual_review,manual_review,True,False,False
147400859326,UNFEZANT 063/078 POKEMON GO UNCOMMON NM,CS-C4VW7Z,,possible_card_specific_identifier_manual_review,manual_review,True,False,False
147400859328,ONIX 036/078 POKEMON GO COMMON NM,CS-ES63T9,,possible_card_specific_identifier_manual_review,manual_review,True,False,False
147400859330,ONIX 036/078 POKEMON GO COMMON NM,CS-ES63T9,,possible_card_specific_identifier_manual_review,manual_review,True,False,False
147400859333,NUMEL 013/078 POKEMON GO COMMON NM,CS-MF5EX5,,possible_card_specific_identifier_manual_review,manual_review,True,False,False
147400859335,NATU 032/078 POKEMON GO COMMON NM,CS-QC35C7,,possible_card_specific_identifier_manual_review,manual_review,True,False,False
147400859337,NUMEL 013/078 POKEMON GO COMMON NM,CS-MF5EX5,,possible_card_specific_identifier_manual_review,manual_review,True,False,False
147400859339,GALARIAN PERRSERKER 113/185 VIVID VOLTAGE RARE NM,CS-WGDSDM,,possible_card_specific_identifier_manual_review,manual_review,True,False,False
147400859340,GASTLY 67/214 UNBROKEN BONDS COMMON NM,CS-9TYSC3,,possible_card_specific_identifier_manual_review,manual_review,True,False,False
147400859343,WOBBUFFET 49/147 BURNING SHADOWS UNCOMMON NM,CS-TX6GJ2,,possible_card_specific_identifier_manual_review,manual_review,True,False,False
147400859345,BIDOOF 059/078 POKEMON GO COMMON NM,CS-G5ZBB8,,possible_card_specific_identifier_manual_review,manual_review,True,False,False
147400859346,MELTAN 045/078 POKEMON GO COMMON NM,CS-EF6TMH,,possible_card_specific_identifier_manual_review,manual_review,True,False,False
147400859352,BLANCHE 064/078 POKEMON GO UNCOMMON NM,CS-VMY6A5,,possible_card_specific_identifier_manual_review,manual_review,True,False,False
147400859354,CHARMANDER 008/078 POKEMON GO COMMON NM,CS-F2FCAK,,possible_card_specific_identifier_manual_review,manual_review,True,False,False
147400859356,ARIADOS 007/078 POKEMON GO UNCOMMON NM,CS-EBP8MB,,possible_card_specific_identifier_manual_review,manual_review,True,False,False
147400859357,EGG INCUBATOR 066/078 POKEMON GO UNCOMMON NM,CS-JY96BS,,possible_card_specific_identifier_manual_review,manual_review,True,False,False
147400859358,PIKACHU 027/078 POKEMON GO COMMON NM,CS-TNUXKV,,possible_card_specific_identifier_manual_review,manual_review,True,False,False
147400859360,WIMPOD 025/078 POKEMON GO COMMON NM,CS-AUAY34,,possible_card_specific_identifier_manual_review,manual_review,True,False,False
147400859363,ALOLAN RATTATA 041/078 POKEMON GO COMMON NM,CS-3CB27F,,possible_card_specific_identifier_manual_review,manual_review,True,False,False
147400859365,BIDOOF 059/078 POKEMON GO COMMON NM,CS-G5ZBB8,,possible_card_specific_identifier_manual_review,manual_review,True,False,False
147400859367,PIKACHU 027/078 POKEMON GO COMMON NM,CS-TNUXKV,,possible_card_specific_identifier_manual_review,manual_review,True,False,False
147400859369,PIKACHU 19/68 HIDDEN FATES COMMON NM,CS-6AD9R6,,possible_card_specific_identifier_manual_review,manual_review,True,False,False
147400859372,NATU 032/078 POKEMON GO COMMON NM,CS-QC35C7,,possible_card_specific_identifier_manual_review,manual_review,True,False,False
147400859373,NUMEL 013/078 POKEMON GO COMMON NM,CS-MF5EX5,,possible_card_specific_identifier_manual_review,manual_review,True,False,False
147400859376,SQUIRTLE 015/078 POKEMON GO COMMON NM,CS-4ZKP4Y,,possible_card_specific_identifier_manual_review,manual_review,True,False,False
147400859378,MAGIKARP 021/078 POKEMON GO COMMON NM,CS-6RQFMW,,possible_card_specific_identifier_manual_review,manual_review,True,False,False
147400859381,MELTAN 045/078 POKEMON GO COMMON NM,CS-EF6TMH,,possible_card_specific_identifier_manual_review,manual_review,True,False,False
147400859383,LARVITAR 037/078 POKEMON GO COMMON NM,CS-UVP24A,,possible_card_specific_identifier_manual_review,manual_review,True,False,False
147400859386,LARVITAR 037/078 POKEMON GO COMMON NM,CS-UVP24A,,possible_card_specific_identifier_manual_review,manual_review,True,False,False
147400859387,LARVITAR 037/078 POKEMON GO COMMON NM,CS-UVP24A,,possible_card_specific_identifier_manual_review,manual_review,True,False,False
147400859388,LARVITAR 037/078 POKEMON GO COMMON NM,CS-UVP24A,,possible_card_specific_identifier_manual_review,manual_review,True,False,False
147401572353,Eevee 125/203 SWSH07: Evolving Skies Reverse Holo,,ETB-01-A-0209,missing_sku,repair,False,False,False
147401588269,Brock's Training 55/68 Hidden Fates Holo,,ETB-01-A-0210,missing_sku,repair,False,False,False
147401612040,Sabrina's Suggestion 65/68 Hidden Fates Reverse Holo,,ETB-01-A-0211,missing_sku,repair,False,False,False
