putnam_card_id,card_name,printed_number,product_id,product_name,status,name_similarity
"pkm-ascended-heroes-1-217-20be83b6d7","Erika's Oddish","1/217","675813","Erika's Oddish","LINKED","1.00"
"pkm-ascended-heroes-1-217-20be83b6d7","Erika's Oddish","1/217","676992","Erika's Oddish (Energy Symbol Pattern)","LINKED","0.50"
"pkm-ascended-heroes-1-217-20be83b6d7","Erika's Oddish","1/217","676852","Erika's Oddish (Poke Ball)","LINKED","0.60"
"pkm-ascended-heroes-2-217-64992d69a3","Erika's Gloom","2/217","675814","Erika's Gloom","LINKED","1.00"
"pkm-ascended-heroes-2-217-64992d69a3","Erika's Gloom","2/217","676993","Erika's Gloom (Energy Symbol Pattern)","LINKED","0.50"
"pkm-ascended-heroes-2-217-64992d69a3","Erika's Gloom","2/217","676853","Erika's Gloom (Poke Ball)","LINKED","0.60"
"pkm-ascended-heroes-3-217-95611996cf","Erika's Vileplume ex","3/217","675815","Erika's Vileplume ex","LINKED","1.00"
"pkm-ascended-heroes-4-217-abafbc96d3","Erika's Bellsprout","4/217","675816","Erika's Bellsprout","LINKED","1.00"
"pkm-ascended-heroes-4-217-abafbc96d3","Erika's Bellsprout","4/217","676994","Erika's Bellsprout (Energy Symbol Pattern)","LINKED","0.50"
"pkm-ascended-heroes-4-217-abafbc96d3","Erika's Bellsprout","4/217","676854","Erika's Bellsprout (Poke Ball)","LINKED","0.60"
"pkm-ascended-heroes-5-217-94a8ead357","Erika's Weepinbell","5/217","675817","Erika's Weepinbell","LINKED","1.00"
"pkm-ascended-heroes-5-217-94a8ead357","Erika's Weepinbell","5/217","676995","Erika's Weepinbell (Energy Symbol Pattern)","LINKED","0.50"
"pkm-ascended-heroes-5-217-94a8ead357","Erika's Weepinbell","5/217","676855","Erika's Weepinbell (Poke Ball)","LINKED","0.60"
"pkm-ascended-heroes-6-217-13869805ca","Erika's Victreebel","6/217","675818","Erika's Victreebel","LINKED","1.00"
"pkm-ascended-heroes-6-217-13869805ca","Erika's Victreebel","6/217","676996","Erika's Victreebel (Energy Symbol Pattern)","LINKED","0.50"
"pkm-ascended-heroes-6-217-13869805ca","Erika's Victreebel","6/217","676856","Erika's Victreebel (Poke Ball)","LINKED","0.60"
"pkm-ascended-heroes-7-217-74082742a5","Erika's Tangela","7/217","675819","Erika's Tangela - 007/217","LINKED","0.60"
"pkm-ascended-heroes-7-217-74082742a5","Erika's Tangela","7/217","676997","Erika's Tangela - 007/217 (Energy Symbol Pattern)","SKIPPED_LOW_NAME_SIMILARITY","0.38"
"pkm-ascended-heroes-7-217-74082742a5","Erika's Tangela","7/217","676857","Erika's Tangela - 007/217 (Poke Ball)","SKIPPED_LOW_NAME_SIMILARITY","0.43"
"pkm-ascended-heroes-8-217-6b7ed18403","Chikorita","8/217","675820","Chikorita","LINKED","1.00"
"pkm-ascended-heroes-8-217-6b7ed18403","Chikorita","8/217","676998","Chikorita (Energy Symbol Pattern)","SKIPPED_LOW_NAME_SIMILARITY","0.25"
"pkm-ascended-heroes-8-217-6b7ed18403","Chikorita","8/217","676858","Chikorita (Friend Ball)","SKIPPED_LOW_NAME_SIMILARITY","0.33"
"pkm-ascended-heroes-9-217-6c65becbdc","Bayleef","9/217","675821","Bayleef","LINKED","1.00"
"pkm-ascended-heroes-9-217-6c65becbdc","Bayleef","9/217","676999","Bayleef (Energy Symbol Pattern)","SKIPPED_LOW_NAME_SIMILARITY","0.25"
"pkm-ascended-heroes-9-217-6c65becbdc","Bayleef","9/217","676859","Bayleef (Friend Ball)","SKIPPED_LOW_NAME_SIMILARITY","0.33"
"pkm-ascended-heroes-10-217-ba3312c9f7","Mega Meganium ex","10/217","675822","Mega Meganium ex - 010/217","LINKED","0.60"
"pkm-ascended-heroes-11-217-80ad06d110","Wurmple","11/217","675823","Wurmple","LINKED","1.00"
"pkm-ascended-heroes-11-217-80ad06d110","Wurmple","11/217","677000","Wurmple (Energy Symbol Pattern)","SKIPPED_LOW_NAME_SIMILARITY","0.25"
"pkm-ascended-heroes-11-217-80ad06d110","Wurmple","11/217","676860","Wurmple (Love Ball)","SKIPPED_LOW_NAME_SIMILARITY","0.33"
"pkm-ascended-heroes-12-217-ad8ba04a39","Silcoon","12/217","675824","Silcoon","LINKED","1.00"
"pkm-ascended-heroes-12-217-ad8ba04a39","Silcoon","12/217","677001","Silcoon (Energy Symbol Pattern)","SKIPPED_LOW_NAME_SIMILARITY","0.25"
"pkm-ascended-heroes-12-217-ad8ba04a39","Silcoon","12/217","676861","Silcoon (Love Ball)","SKIPPED_LOW_NAME_SIMILARITY","0.33"
"pkm-ascended-heroes-13-217-139ff09989","Beautifly","13/217","675825","Beautifly - 013/217","SKIPPED_LOW_NAME_SIMILARITY","0.33"
"pkm-ascended-heroes-13-217-139ff09989","Beautifly","13/217","677002","Beautifly - 013/217 (Energy Symbol Pattern)","SKIPPED_LOW_NAME_SIMILARITY","0.17"
"pkm-ascended-heroes-13-217-139ff09989","Beautifly","13/217","676862","Beautifly - 013/217 (Love Ball)","SKIPPED_LOW_NAME_SIMILARITY","0.20"
"pkm-ascended-heroes-14-217-be589f48df","Cascoon","14/217","675826","Cascoon","LINKED","1.00"
"pkm-ascended-heroes-14-217-be589f48df","Cascoon","14/217","677003","Cascoon (Energy Symbol Pattern)","SKIPPED_LOW_NAME_SIMILARITY","0.25"
"pkm-ascended-heroes-14-217-be589f48df","Cascoon","14/217","676863","Cascoon (Love Ball)","SKIPPED_LOW_NAME_SIMILARITY","0.33"
"pkm-ascended-heroes-15-217-5ea9dbbb05","Dustox","15/217","675827","Dustox - 015/217","SKIPPED_LOW_NAME_SIMILARITY","0.33"
"pkm-ascended-heroes-15-217-5ea9dbbb05","Dustox","15/217","677004","Dustox - 015/217 (Energy Symbol Pattern)","SKIPPED_LOW_NAME_SIMILARITY","0.17"
"pkm-ascended-heroes-15-217-5ea9dbbb05","Dustox","15/217","676864","Dustox - 015/217 (Love Ball)","SKIPPED_LOW_NAME_SIMILARITY","0.20"
"pkm-ascended-heroes-16-217-cfeddaf41d","Budew","16/217","675828","Budew - 016/217","SKIPPED_LOW_NAME_SIMILARITY","0.33"
"pkm-ascended-heroes-16-217-cfeddaf41d","Budew","16/217","677005","Budew - 016/217 (Energy Symbol Pattern)","SKIPPED_LOW_NAME_SIMILARITY","0.17"
"pkm-ascended-heroes-16-217-cfeddaf41d","Budew","16/217","676865","Budew - 016/217 (Friend Ball)","SKIPPED_LOW_NAME_SIMILARITY","0.20"
"pkm-ascended-heroes-17-217-8a7d78a5ed","Grubbin","17/217","675829","Grubbin","LINKED","1.00"
"pkm-ascended-heroes-17-217-8a7d78a5ed","Grubbin","17/217","677006","Grubbin (Energy Symbol Pattern)","SKIPPED_LOW_NAME_SIMILARITY","0.25"
"pkm-ascended-heroes-17-217-8a7d78a5ed","Grubbin","17/217","676866","Grubbin (Quick Ball)","SKIPPED_LOW_NAME_SIMILARITY","0.33"
"pkm-ascended-heroes-18-217-75bd139886","Team Rocket's Tarountula","18/217","675830","Team Rocket's Tarountula","LINKED","1.00"
"pkm-ascended-heroes-18-217-75bd139886","Team Rocket's Tarountula","18/217","677007","Team Rocket's Tarountula (Energy Symbol Pattern)","LINKED","0.57"
"pkm-ascended-heroes-18-217-75bd139886","Team Rocket's Tarountula","18/217","676867","Team Rocket's Tarountula (Team Rocket)","LINKED","1.00"
"pkm-ascended-heroes-19-217-22bc2aca7a","Team Rocket's Spidops","19/217","675831","Team Rocket's Spidops","LINKED","1.00"
"pkm-ascended-heroes-19-217-22bc2aca7a","Team Rocket's Spidops","19/217","677008","Team Rocket's Spidops (Energy Symbol Pattern)","LINKED","0.57"
"pkm-ascended-heroes-19-217-22bc2aca7a","Team Rocket's Spidops","19/217","676868","Team Rocket's Spidops (Team Rocket)","LINKED","1.00"
"pkm-ascended-heroes-20-217-2c7d5e01b5","Charmander","20/217","675832","Charmander","LINKED","1.00"
"pkm-ascended-heroes-20-217-2c7d5e01b5","Charmander","20/217","677009","Charmander (Energy Symbol Pattern)","SKIPPED_LOW_NAME_SIMILARITY","0.25"
"pkm-ascended-heroes-20-217-2c7d5e01b5","Charmander","20/217","676869","Charmander (Friend Ball)","SKIPPED_LOW_NAME_SIMILARITY","0.33"
"pkm-ascended-heroes-21-217-6b8b987552","Charmeleon","21/217","675833","Charmeleon","LINKED","1.00"
"pkm-ascended-heroes-21-217-6b8b987552","Charmeleon","21/217","677010","Charmeleon (Energy Symbol Pattern)","SKIPPED_LOW_NAME_SIMILARITY","0.25"
"pkm-ascended-heroes-21-217-6b8b987552","Charmeleon","21/217","676870","Charmeleon (Friend Ball)","SKIPPED_LOW_NAME_SIMILARITY","0.33"
"pkm-ascended-heroes-22-217-892e5025fd","Mega Charizard Y ex","22/217","675834","Mega Charizard Y ex - 022/217","LINKED","0.67"
"pkm-ascended-heroes-23-217-93111f92b3","Ethan's Slugma","23/217","675835","Ethan's Slugma","LINKED","1.00"
"pkm-ascended-heroes-23-217-93111f92b3","Ethan's Slugma","23/217","677011","Ethan's Slugma (Energy Symbol Pattern)","LINKED","0.50"
"pkm-ascended-heroes-23-217-93111f92b3","Ethan's Slugma","23/217","676871","Ethan's Slugma (Poke Ball)","LINKED","0.60"
"pkm-ascended-heroes-24-217-506b030326","Ethan's Magcargo","24/217","675836","Ethan's Magcargo - 024/217","LINKED","0.60"
"pkm-ascended-heroes-24-217-506b030326","Ethan's Magcargo","24/217","677012","Ethan's Magcargo - 024/217 (Energy Symbol Pattern)","SKIPPED_LOW_NAME_SIMILARITY","0.38"
"pkm-ascended-heroes-24-217-506b030326","Ethan's Magcargo","24/217","676872","Ethan's Magcargo - 024/217 (Poke Ball)","SKIPPED_LOW_NAME_SIMILARITY","0.43"
"pkm-ascended-heroes-25-217-3bf2e0ebfc","Entei","25/217","675837","Entei","LINKED","1.00"
"pkm-ascended-heroes-25-217-3bf2e0ebfc","Entei","25/217","677013","Entei (Energy Symbol Pattern)","SKIPPED_LOW_NAME_SIMILARITY","0.25"
"pkm-ascended-heroes-25-217-3bf2e0ebfc","Entei","25/217","676873","Entei (Quick Ball)","SKIPPED_LOW_NAME_SIMILARITY","0.33"
"pkm-ascended-heroes-26-217-5c7034de06","Ethan's Ho-Oh ex","26/217","675838","Ethan's Ho-Oh ex","LINKED","1.00"
"pkm-ascended-heroes-27-217-11230a7462","Numel","27/217","675839","Numel - 027/217","SKIPPED_LOW_NAME_SIMILARITY","0.33"
"pkm-ascended-heroes-27-217-11230a7462","Numel","27/217","677014","Numel - 027/217 (Energy Symbol Pattern)","SKIPPED_LOW_NAME_SIMILARITY","0.17"
"pkm-ascended-heroes-27-217-11230a7462","Numel","27/217","676874","Numel - 027/217 (Quick Ball)","SKIPPED_LOW_NAME_SIMILARITY","0.20"
"pkm-ascended-heroes-28-217-278eb8cebf","Camerupt","28/217","675840","Camerupt","LINKED","1.00"
"pkm-ascended-heroes-28-217-278eb8cebf","Camerupt","28/217","677015","Camerupt (Energy Symbol Pattern)","SKIPPED_LOW_NAME_SIMILARITY","0.25"
"pkm-ascended-heroes-28-217-278eb8cebf","Camerupt","28/217","676875","Camerupt (Quick Ball)","SKIPPED_LOW_NAME_SIMILARITY","0.33"
"pkm-ascended-heroes-29-217-803e7b43ed","Tepig","29/217","675841","Tepig","LINKED","1.00"
"pkm-ascended-heroes-29-217-803e7b43ed","Tepig","29/217","677016","Tepig (Energy Symbol Pattern)","SKIPPED_LOW_NAME_SIMILARITY","0.25"
"pkm-ascended-heroes-29-217-803e7b43ed","Tepig","29/217","676876","Tepig (Friend Ball)","SKIPPED_LOW_NAME_SIMILARITY","0.33"
"pkm-ascended-heroes-30-217-1135c9b7db","Pignite","30/217","675842","Pignite","LINKED","1.00"
"pkm-ascended-heroes-30-217-1135c9b7db","Pignite","30/217","677017","Pignite (Energy Symbol Pattern)","SKIPPED_LOW_NAME_SIMILARITY","0.25"
"pkm-ascended-heroes-30-217-1135c9b7db","Pignite","30/217","676877","Pignite (Friend Ball)","SKIPPED_LOW_NAME_SIMILARITY","0.33"
"pkm-ascended-heroes-31-217-85ad64da81","Mega Emboar ex","31/217","675843","Mega Emboar ex - 031/217","LINKED","0.60"
"pkm-ascended-heroes-32-217-35bd1cb25f","N's Darumaka","32/217","675844","N's Darumaka","LINKED","1.00"
"pkm-ascended-heroes-32-217-35bd1cb25f","N's Darumaka","32/217","677018","N's Darumaka (Energy Symbol Pattern)","LINKED","0.50"
"pkm-ascended-heroes-32-217-35bd1cb25f","N's Darumaka","32/217","676878","N's Darumaka (Poke Ball)","LINKED","0.60"
"pkm-ascended-heroes-33-217-6985b05638","N's Darmanitan","33/217","675845","N's Darmanitan","LINKED","1.00"
"pkm-ascended-heroes-33-217-6985b05638","N's Darmanitan","33/217","677019","N's Darmanitan (Energy Symbol Pattern)","LINKED","0.50"
"pkm-ascended-heroes-33-217-6985b05638","N's Darmanitan","33/217","676879","N's Darmanitan (Poke Ball)","LINKED","0.60"
"pkm-ascended-heroes-34-217-584ef242ef","Salandit","34/217","675846","Salandit","LINKED","1.00"
"pkm-ascended-heroes-34-217-584ef242ef","Salandit","34/217","677020","Salandit (Energy Symbol Pattern)","SKIPPED_LOW_NAME_SIMILARITY","0.25"
"pkm-ascended-heroes-34-217-584ef242ef","Salandit","34/217","676880","Salandit (Quick Ball)","SKIPPED_LOW_NAME_SIMILARITY","0.33"
"pkm-ascended-heroes-35-217-93c8a240d9","Salazzle","35/217","675847","Salazzle - 035/217","SKIPPED_LOW_NAME_SIMILARITY","0.33"
"pkm-ascended-heroes-35-217-93c8a240d9","Salazzle","35/217","677021","Salazzle - 035/217 (Energy Symbol Pattern)","SKIPPED_LOW_NAME_SIMILARITY","0.17"
"pkm-ascended-heroes-35-217-93c8a240d9","Salazzle","35/217","676881","Salazzle - 035/217 (Quick Ball)","SKIPPED_LOW_NAME_SIMILARITY","0.20"
"pkm-ascended-heroes-36-217-3c9a3810d5","Scorbunny","36/217","675848","Scorbunny - 036/217","SKIPPED_LOW_NAME_SIMILARITY","0.33"
"pkm-ascended-heroes-36-217-3c9a3810d5","Scorbunny","36/217","677022","Scorbunny - 036/217 (Energy Symbol Pattern)","SKIPPED_LOW_NAME_SIMILARITY","0.17"
"pkm-ascended-heroes-36-217-3c9a3810d5","Scorbunny","36/217","676882","Scorbunny - 036/217 (Friend Ball)","SKIPPED_LOW_NAME_SIMILARITY","0.20"
"pkm-ascended-heroes-37-217-eefdf0b53f","Raboot","37/217","675849","Raboot","LINKED","1.00"
"pkm-ascended-heroes-37-217-eefdf0b53f","Raboot","37/217","677023","Raboot (Energy Symbol Pattern)","SKIPPED_LOW_NAME_SIMILARITY","0.25"
"pkm-ascended-heroes-37-217-eefdf0b53f","Raboot","37/217","676883","Raboot (Friend Ball)","SKIPPED_LOW_NAME_SIMILARITY","0.33"
"pkm-ascended-heroes-38-217-6f88735232","Cinderace ex","38/217","675850","Cinderace ex","LINKED","1.00"
"pkm-ascended-heroes-39-217-2fc02882b6","Psyduck","39/217","675851","Psyduck - 039/217","SKIPPED_LOW_NAME_SIMILARITY","0.33"
"pkm-ascended-heroes-39-217-2fc02882b6","Psyduck","39/217","677024","Psyduck - 039/217 (Energy Symbol Pattern)","SKIPPED_LOW_NAME_SIMILARITY","0.17"
"pkm-ascended-heroes-39-217-2fc02882b6","Psyduck","39/217","676884","Psyduck - 039/217 (Love Ball)","SKIPPED_LOW_NAME_SIMILARITY","0.20"
"pkm-ascended-heroes-40-217-1187539a2e","Golduck","40/217","675852","Golduck","LINKED","1.00"
"pkm-ascended-heroes-40-217-1187539a2e","Golduck","40/217","677025","Golduck (Energy Symbol Pattern)","SKIPPED_LOW_NAME_SIMILARITY","0.25"
"pkm-ascended-heroes-40-217-1187539a2e","Golduck","40/217","676885","Golduck (Love Ball)","SKIPPED_LOW_NAME_SIMILARITY","0.33"
"pkm-ascended-heroes-41-217-a4b0d4f540","Totodile","41/217","675853","Totodile","LINKED","1.00"
"pkm-ascended-heroes-41-217-a4b0d4f540","Totodile","41/217","677026","Totodile (Energy Symbol Pattern)","SKIPPED_LOW_NAME_SIMILARITY","0.25"
"pkm-ascended-heroes-41-217-a4b0d4f540","Totodile","41/217","676886","Totodile (Friend Ball)","SKIPPED_LOW_NAME_SIMILARITY","0.33"
"pkm-ascended-heroes-42-217-ed942dc11a","Croconaw","42/217","675854","Croconaw","LINKED","1.00"
"pkm-ascended-heroes-42-217-ed942dc11a","Croconaw","42/217","677027","Croconaw (Energy Symbol Pattern)","SKIPPED_LOW_NAME_SIMILARITY","0.25"
"pkm-ascended-heroes-42-217-ed942dc11a","Croconaw","42/217","676887","Croconaw (Friend Ball)","SKIPPED_LOW_NAME_SIMILARITY","0.33"
"pkm-ascended-heroes-43-217-fcbcf8ec75","Mega Feraligatr ex","43/217","675855","Mega Feraligatr ex - 043/217","LINKED","0.60"
"pkm-ascended-heroes-44-217-7f6a7283af","Sneasel","44/217","675856","Sneasel","LINKED","1.00"
"pkm-ascended-heroes-44-217-7f6a7283af","Sneasel","44/217","676888","Sneasel (Dusk Ball)","SKIPPED_LOW_NAME_SIMILARITY","0.33"
"pkm-ascended-heroes-44-217-7f6a7283af","Sneasel","44/217","677028","Sneasel (Energy Symbol Pattern)","SKIPPED_LOW_NAME_SIMILARITY","0.25"
"pkm-ascended-heroes-45-217-4fe2d509a5","Weavile","45/217","675857","Weavile - 045/217","SKIPPED_LOW_NAME_SIMILARITY","0.33"
"pkm-ascended-heroes-45-217-4fe2d509a5","Weavile","45/217","676889","Weavile - 045/217 (Dusk Ball)","SKIPPED_LOW_NAME_SIMILARITY","0.20"
"pkm-ascended-heroes-45-217-4fe2d509a5","Weavile","45/217","677029","Weavile - 045/217 (Energy Symbol Pattern)","SKIPPED_LOW_NAME_SIMILARITY","0.17"
"pkm-ascended-heroes-46-217-e0ca515bf5","Snorunt","46/217","675858","Snorunt - 046/217","SKIPPED_LOW_NAME_SIMILARITY","0.33"
"pkm-ascended-heroes-46-217-e0ca515bf5","Snorunt","46/217","677030","Snorunt - 046/217 (Energy Symbol Pattern)","SKIPPED_LOW_NAME_SIMILARITY","0.17"
"pkm-ascended-heroes-46-217-e0ca515bf5","Snorunt","46/217","676890","Snorunt - 046/217 (Love Ball)","SKIPPED_LOW_NAME_SIMILARITY","0.20"
"pkm-ascended-heroes-47-217-9ae1187280","Mega Froslass ex","47/217","675859","Mega Froslass ex - 047/217","LINKED","0.60"
"pkm-ascended-heroes-48-217-2e8fda5482","Regice ex","48/217","675860","Regice ex","LINKED","1.00"
"pkm-ascended-heroes-49-217-d7a8d0bedf","N's Vanillite","49/217","675861","N's Vanillite","LINKED","1.00"
"pkm-ascended-heroes-49-217-d7a8d0bedf","N's Vanillite","49/217","677031","N's Vanillite (Energy Symbol Pattern)","LINKED","0.50"
"pkm-ascended-heroes-49-217-d7a8d0bedf","N's Vanillite","49/217","676891","N's Vanillite (Poke Ball)","LINKED","0.60"
"pkm-ascended-heroes-50-217-a08f15ca3c","N's Vanillish","50/217","675862","N's Vanillish","LINKED","1.00"
"pkm-ascended-heroes-50-217-a08f15ca3c","N's Vanillish","50/217","677032","N's Vanillish (Energy Symbol Pattern)","LINKED","0.50"
"pkm-ascended-heroes-50-217-a08f15ca3c","N's Vanillish","50/217","676892","N's Vanillish (Poke Ball)","LINKED","0.60"
"pkm-ascended-heroes-51-217-3e7996997f","N's Vanilluxe","51/217","675863","N's Vanilluxe","LINKED","1.00"
"pkm-ascended-heroes-51-217-3e7996997f","N's Vanilluxe","51/217","677033","N's Vanilluxe (Energy Symbol Pattern)","LINKED","0.50"
"pkm-ascended-heroes-51-217-3e7996997f","N's Vanilluxe","51/217","676893","N's Vanilluxe (Poke Ball)","LINKED","0.60"
"pkm-ascended-heroes-52-217-5fb8dc7739","Snom","52/217","675864","Snom","LINKED","1.00"
"pkm-ascended-heroes-52-217-5fb8dc7739","Snom","52/217","677034","Snom (Energy Symbol Pattern)","SKIPPED_LOW_NAME_SIMILARITY","0.25"
"pkm-ascended-heroes-52-217-5fb8dc7739","Snom","52/217","676894","Snom (Friend Ball)","SKIPPED_LOW_NAME_SIMILARITY","0.33"
"pkm-ascended-heroes-53-217-b6384d4ca3","Frosmoth","53/217","675865","Frosmoth","LINKED","1.00"
"pkm-ascended-heroes-53-217-b6384d4ca3","Frosmoth","53/217","677035","Frosmoth (Energy Symbol Pattern)","SKIPPED_LOW_NAME_SIMILARITY","0.25"
"pkm-ascended-heroes-53-217-b6384d4ca3","Frosmoth","53/217","676895","Frosmoth (Friend Ball)","SKIPPED_LOW_NAME_SIMILARITY","0.33"
"pkm-ascended-heroes-54-217-e1019658d2","Glastrier","54/217","675866","Glastrier","LINKED","1.00"
"pkm-ascended-heroes-54-217-e1019658d2","Glastrier","54/217","677036","Glastrier (Energy Symbol Pattern)","SKIPPED_LOW_NAME_SIMILARITY","0.25"
"pkm-ascended-heroes-54-217-e1019658d2","Glastrier","54/217","676896","Glastrier (Friend Ball)","SKIPPED_LOW_NAME_SIMILARITY","0.33"
"pkm-ascended-heroes-55-217-d5d41bd728","Pikachu","55/217","675867","Pikachu","LINKED","1.00"
"pkm-ascended-heroes-55-217-d5d41bd728","Pikachu","55/217","677037","Pikachu (Energy Symbol Pattern)","SKIPPED_LOW_NAME_SIMILARITY","0.25"
"pkm-ascended-heroes-55-217-d5d41bd728","Pikachu","55/217","676897","Pikachu (Friend Ball)","SKIPPED_LOW_NAME_SIMILARITY","0.33"
"pkm-ascended-heroes-56-217-a9896fc15d","Raichu","56/217","675868","Raichu","LINKED","1.00"
"pkm-ascended-heroes-56-217-a9896fc15d","Raichu","56/217","677038","Raichu (Energy Symbol Pattern)","SKIPPED_LOW_NAME_SIMILARITY","0.25"
"pkm-ascended-heroes-56-217-a9896fc15d","Raichu","56/217","676898","Raichu (Friend Ball)","SKIPPED_LOW_NAME_SIMILARITY","0.33"
"pkm-ascended-heroes-57-217-53305205b4","Pikachu ex","57/217","675869","Pikachu ex - 057/217","LINKED","0.50"
"pkm-ascended-heroes-58-217-56e6123f2a","Voltorb ex","58/217","675870","Voltorb ex","LINKED","1.00"
"pkm-ascended-heroes-59-217-35b2065d2d","Tynamo","59/217","675871","Tynamo","LINKED","1.00"
"pkm-ascended-heroes-59-217-35b2065d2d","Tynamo","59/217","677039","Tynamo (Energy Symbol Pattern)","SKIPPED_LOW_NAME_SIMILARITY","0.25"
"pkm-ascended-heroes-59-217-35b2065d2d","Tynamo","59/217","676899","Tynamo (Quick Ball)","SKIPPED_LOW_NAME_SIMILARITY","0.33"
"pkm-ascended-heroes-60-217-c7bc84c2cf","Eelektrik","60/217","675872","Eelektrik","LINKED","1.00"
"pkm-ascended-heroes-60-217-c7bc84c2cf","Eelektrik","60/217","677040","Eelektrik (Energy Symbol Pattern)","SKIPPED_LOW_NAME_SIMILARITY","0.25"
"pkm-ascended-heroes-60-217-c7bc84c2cf","Eelektrik","60/217","676900","Eelektrik (Quick Ball)","SKIPPED_LOW_NAME_SIMILARITY","0.33"
"pkm-ascended-heroes-61-217-883d7cf4f2","Mega Eelektross ex","61/217","675873","Mega Eelektross ex - 061/217","LINKED","0.60"
"pkm-ascended-heroes-62-217-e114baa52d","Stunfisk","62/217","675874","Stunfisk","LINKED","1.00"
"pkm-ascended-heroes-62-217-e114baa52d","Stunfisk","62/217","677041","Stunfisk (Energy Symbol Pattern)","SKIPPED_LOW_NAME_SIMILARITY","0.25"
"pkm-ascended-heroes-62-217-e114baa52d","Stunfisk","62/217","676901","Stunfisk (Quick Ball)","SKIPPED_LOW_NAME_SIMILARITY","0.33"
"pkm-ascended-heroes-63-217-77f038c62a","Helioptile","63/217","675875","Helioptile","LINKED","1.00"
"pkm-ascended-heroes-63-217-77f038c62a","Helioptile","63/217","677042","Helioptile (Energy Symbol Pattern)","SKIPPED_LOW_NAME_SIMILARITY","0.25"
"pkm-ascended-heroes-63-217-77f038c62a","Helioptile","63/217","676902","Helioptile (Quick Ball)","SKIPPED_LOW_NAME_SIMILARITY","0.33"
"pkm-ascended-heroes-64-217-c844b8381c","Heliolisk","64/217","675876","Heliolisk - 064/217","SKIPPED_LOW_NAME_SIMILARITY","0.33"
"pkm-ascended-heroes-64-217-c844b8381c","Heliolisk","64/217","677043","Heliolisk - 064/217 (Energy Symbol Pattern)","SKIPPED_LOW_NAME_SIMILARITY","0.17"
"pkm-ascended-heroes-64-217-c844b8381c","Heliolisk","64/217","676903","Heliolisk - 064/217 (Quick Ball)","SKIPPED_LOW_NAME_SIMILARITY","0.20"
"pkm-ascended-heroes-65-217-1aefbcb6d9","Charjabug","65/217","675877","Charjabug","LINKED","1.00"
"pkm-ascended-heroes-65-217-1aefbcb6d9","Charjabug","65/217","677044","Charjabug (Energy Symbol Pattern)","SKIPPED_LOW_NAME_SIMILARITY","0.25"
"pkm-ascended-heroes-65-217-1aefbcb6d9","Charjabug","65/217","676904","Charjabug (Quick Ball)","SKIPPED_LOW_NAME_SIMILARITY","0.33"
"pkm-ascended-heroes-66-217-cff8987b77","Vikavolt","66/217","675878","Vikavolt - 066/217","SKIPPED_LOW_NAME_SIMILARITY","0.33"
"pkm-ascended-heroes-66-217-cff8987b77","Vikavolt","66/217","677045","Vikavolt - 066/217 (Energy Symbol Pattern)","SKIPPED_LOW_NAME_SIMILARITY","0.17"
"pkm-ascended-heroes-66-217-cff8987b77","Vikavolt","66/217","676905","Vikavolt - 066/217 (Quick Ball)","SKIPPED_LOW_NAME_SIMILARITY","0.20"
"pkm-ascended-heroes-67-217-f977dae4aa","Tapu Koko","67/217","675879","Tapu Koko","LINKED","1.00"
"pkm-ascended-heroes-67-217-f977dae4aa","Tapu Koko","67/217","677046","Tapu Koko (Energy Symbol Pattern)","SKIPPED_LOW_NAME_SIMILARITY","0.40"
"pkm-ascended-heroes-67-217-f977dae4aa","Tapu Koko","67/217","676906","Tapu Koko (Quick Ball)","LINKED","0.50"
"pkm-ascended-heroes-68-217-f385893aea","Hop's Pincurchin ex","68/217","675880","Hop's Pincurchin ex","LINKED","1.00"
"pkm-ascended-heroes-69-217-e48f6d115c","Iono's Tadbulb","69/217","675881","Iono's Tadbulb","LINKED","1.00"
"pkm-ascended-heroes-69-217-e48f6d115c","Iono's Tadbulb","69/217","677047","Iono's Tadbulb (Energy Symbol Pattern)","LINKED","0.50"
"pkm-ascended-heroes-69-217-e48f6d115c","Iono's Tadbulb","69/217","676907","Iono's Tadbulb (Poke Ball)","LINKED","0.60"
"pkm-ascended-heroes-70-217-7af9a77345","Iono's Bellibolt ex","70/217","675882","Iono's Bellibolt ex - 070/217","LINKED","0.67"
"pkm-ascended-heroes-71-217-284ac99443","Iono's Wattrel","71/217","675883","Iono's Wattrel - 071/217","LINKED","0.60"
"pkm-ascended-heroes-71-217-284ac99443","Iono's Wattrel","71/217","677048","Iono's Wattrel - 071/217 (Energy Symbol Pattern)","SKIPPED_LOW_NAME_SIMILARITY","0.38"
"pkm-ascended-heroes-71-217-284ac99443","Iono's Wattrel","71/217","676908","Iono's Wattrel - 071/217 (Poke Ball)","SKIPPED_LOW_NAME_SIMILARITY","0.43"
"pkm-ascended-heroes-72-217-bda475b793","Iono's Kilowattrel","72/217","675884","Iono's Kilowattrel","LINKED","1.00"
"pkm-ascended-heroes-72-217-bda475b793","Iono's Kilowattrel","72/217","677049","Iono's Kilowattrel (Energy Symbol Pattern)","LINKED","0.50"
"pkm-ascended-heroes-72-217-bda475b793","Iono's Kilowattrel","72/217","676909","Iono's Kilowattrel (Poke Ball)","LINKED","0.60"
"pkm-ascended-heroes-73-217-0577fa5ce1","Miraidon ex","73/217","675885","Miraidon ex","LINKED","1.00"
"pkm-ascended-heroes-74-217-215bd72c6f","Clefairy","74/217","675886","Clefairy","LINKED","1.00"
"pkm-ascended-heroes-74-217-215bd72c6f","Clefairy","74/217","677050","Clefairy (Energy Symbol Pattern)","SKIPPED_LOW_NAME_SIMILARITY","0.25"
"pkm-ascended-heroes-74-217-215bd72c6f","Clefairy","74/217","676910","Clefairy (Love Ball)","SKIPPED_LOW_NAME_SIMILARITY","0.33"
"pkm-ascended-heroes-75-217-5eb6649590","Clefable","75/217","675887","Clefable","LINKED","1.00"
"pkm-ascended-heroes-75-217-5eb6649590","Clefable","75/217","677051","Clefable (Energy Symbol Pattern)","SKIPPED_LOW_NAME_SIMILARITY","0.25"
"pkm-ascended-heroes-75-217-5eb6649590","Clefable","75/217","676911","Clefable (Love Ball)","SKIPPED_LOW_NAME_SIMILARITY","0.33"
"pkm-ascended-heroes-76-217-99d0559bd0","Lillie's Clefairy ex","76/217","675888","Lillie's Clefairy ex - 076/217","LINKED","0.67"
"pkm-ascended-heroes-77-217-eccdf23af8","Team Rocket's Exeggcute","77/217","675889","Team Rocket's Exeggcute","LINKED","1.00"
"pkm-ascended-heroes-77-217-eccdf23af8","Team Rocket's Exeggcute","77/217","677052","Team Rocket's Exeggcute (Energy Symbol Pattern)","LINKED","0.57"
"pkm-ascended-heroes-77-217-eccdf23af8","Team Rocket's Exeggcute","77/217","676912","Team Rocket's Exeggcute (Team Rocket)","LINKED","1.00"
"pkm-ascended-heroes-78-217-fecb09bffe","Team Rocket's Exeggutor","78/217","675890","Team Rocket's Exeggutor","LINKED","1.00"
"pkm-ascended-heroes-78-217-fecb09bffe","Team Rocket's Exeggutor","78/217","677053","Team Rocket's Exeggutor (Energy Symbol Pattern)","LINKED","0.57"
"pkm-ascended-heroes-78-217-fecb09bffe","Team Rocket's Exeggutor","78/217","676913","Team Rocket's Exeggutor (Team Rocket)","LINKED","1.00"
"pkm-ascended-heroes-79-217-cf4520a149","Team Rocket's Mewtwo ex","79/217","675891","Team Rocket's Mewtwo ex - 079/217","LINKED","0.71"
"pkm-ascended-heroes-80-217-5fc5174285","Togepi","80/217","675892","Togepi","LINKED","1.00"
"pkm-ascended-heroes-80-217-5fc5174285","Togepi","80/217","677054","Togepi (Energy Symbol Pattern)","SKIPPED_LOW_NAME_SIMILARITY","0.25"
"pkm-ascended-heroes-80-217-5fc5174285","Togepi","80/217","676914","Togepi (Love Ball)","SKIPPED_LOW_NAME_SIMILARITY","0.33"
"pkm-ascended-heroes-81-217-5e6241ee53","Togetic","81/217","675893","Togetic","LINKED","1.00"
"pkm-ascended-heroes-81-217-5e6241ee53","Togetic","81/217","677055","Togetic (Energy Symbol Pattern)","SKIPPED_LOW_NAME_SIMILARITY","0.25"
"pkm-ascended-heroes-81-217-5e6241ee53","Togetic","81/217","676915","Togetic (Love Ball)","SKIPPED_LOW_NAME_SIMILARITY","0.33"
"pkm-ascended-heroes-82-217-81de465a08","Togekiss","82/217","675894","Togekiss - 082/217","SKIPPED_LOW_NAME_SIMILARITY","0.33"
"pkm-ascended-heroes-82-217-81de465a08","Togekiss","82/217","677056","Togekiss - 082/217 (Energy Symbol Pattern)","SKIPPED_LOW_NAME_SIMILARITY","0.17"
"pkm-ascended-heroes-82-217-81de465a08","Togekiss","82/217","676916","Togekiss - 082/217 (Love Ball)","SKIPPED_LOW_NAME_SIMILARITY","0.20"
"pkm-ascended-heroes-83-217-939b0e26b2","Marill","83/217","675895","Marill - 083/217","SKIPPED_LOW_NAME_SIMILARITY","0.33"
"pkm-ascended-heroes-83-217-939b0e26b2","Marill","83/217","677057","Marill - 083/217 (Energy Symbol Pattern)","SKIPPED_LOW_NAME_SIMILARITY","0.17"
"pkm-ascended-heroes-83-217-939b0e26b2","Marill","83/217","676917","Marill - 083/217 (Friend Ball)","SKIPPED_LOW_NAME_SIMILARITY","0.20"
"pkm-ascended-heroes-84-217-74714b4914","Azumarill ex","84/217","675896","Azumarill ex","LINKED","1.00"
"pkm-ascended-heroes-85-217-40d0121074","Misdreavus","85/217","675897","Misdreavus - 085/217","SKIPPED_LOW_NAME_SIMILARITY","0.33"
"pkm-ascended-heroes-85-217-40d0121074","Misdreavus","85/217","676918","Misdreavus - 085/217 (Dusk Ball)","SKIPPED_LOW_NAME_SIMILARITY","0.20"
"pkm-ascended-heroes-85-217-40d0121074","Misdreavus","85/217","677058","Misdreavus - 085/217 (Energy Symbol Pattern)","SKIPPED_LOW_NAME_SIMILARITY","0.17"
"pkm-ascended-heroes-86-217-c78488570b","Mismagius","86/217","675898","Mismagius","LINKED","1.00"
"pkm-ascended-heroes-86-217-c78488570b","Mismagius","86/217","676919","Mismagius (Dusk Ball)","SKIPPED_LOW_NAME_SIMILARITY","0.33"
"pkm-ascended-heroes-86-217-c78488570b","Mismagius","86/217","677059","Mismagius (Energy Symbol Pattern)","SKIPPED_LOW_NAME_SIMILARITY","0.25"
"pkm-ascended-heroes-87-217-2eecf016d8","Ralts","87/217","675899","Ralts","LINKED","1.00"
"pkm-ascended-heroes-87-217-2eecf016d8","Ralts","87/217","677060","Ralts (Energy Symbol Pattern)","SKIPPED_LOW_NAME_SIMILARITY","0.25"
"pkm-ascended-heroes-87-217-2eecf016d8","Ralts","87/217","676920","Ralts (Love Ball)","SKIPPED_LOW_NAME_SIMILARITY","0.33"
"pkm-ascended-heroes-88-217-bd3d0e2e24","Kirlia","88/217","675900","Kirlia","LINKED","1.00"
"pkm-ascended-heroes-88-217-bd3d0e2e24","Kirlia","88/217","677061","Kirlia (Energy Symbol Pattern)","SKIPPED_LOW_NAME_SIMILARITY","0.25"
"pkm-ascended-heroes-88-217-bd3d0e2e24","Kirlia","88/217","676921","Kirlia (Love Ball)","SKIPPED_LOW_NAME_SIMILARITY","0.33"
"pkm-ascended-heroes-89-217-54b87d9c7a","Mega Gardevoir ex","89/217","675901","Mega Gardevoir ex","LINKED","1.00"
"pkm-ascended-heroes-90-217-b58c78fab7","Shuppet","90/217","675902","Shuppet","LINKED","1.00"
"pkm-ascended-heroes-90-217-b58c78fab7","Shuppet","90/217","676922","Shuppet (Dusk Ball)","SKIPPED_LOW_NAME_SIMILARITY","0.33"
"pkm-ascended-heroes-90-217-b58c78fab7","Shuppet","90/217","677062","Shuppet (Energy Symbol Pattern)","SKIPPED_LOW_NAME_SIMILARITY","0.25"
"pkm-ascended-heroes-91-217-be663c346c","Banette","91/217","675903","Banette - 091/217","SKIPPED_LOW_NAME_SIMILARITY","0.33"
"pkm-ascended-heroes-91-217-be663c346c","Banette","91/217","676923","Banette - 091/217 (Dusk Ball)","SKIPPED_LOW_NAME_SIMILARITY","0.20"
"pkm-ascended-heroes-91-217-be663c346c","Banette","91/217","677063","Banette - 091/217 (Energy Symbol Pattern)","SKIPPED_LOW_NAME_SIMILARITY","0.17"
"pkm-ascended-heroes-92-217-965261117e","Rotom","92/217","675904","Rotom","LINKED","1.00"
"pkm-ascended-heroes-92-217-965261117e","Rotom","92/217","676924","Rotom (Dusk Ball)","SKIPPED_LOW_NAME_SIMILARITY","0.33"
"pkm-ascended-heroes-92-217-965261117e","Rotom","92/217","677064","Rotom (Energy Symbol Pattern)","SKIPPED_LOW_NAME_SIMILARITY","0.25"
"pkm-ascended-heroes-93-217-efa7e2fbaf","Swirlix","93/217","675905","Swirlix","LINKED","1.00"
"pkm-ascended-heroes-93-217-efa7e2fbaf","Swirlix","93/217","677065","Swirlix (Energy Symbol Pattern)","SKIPPED_LOW_NAME_SIMILARITY","0.25"
"pkm-ascended-heroes-93-217-efa7e2fbaf","Swirlix","93/217","676925","Swirlix (Love Ball)","SKIPPED_LOW_NAME_SIMILARITY","0.33"
"pkm-ascended-heroes-94-217-1da9683917","Slurpuff","94/217","675906","Slurpuff - 094/217","SKIPPED_LOW_NAME_SIMILARITY","0.33"
"pkm-ascended-heroes-94-217-1da9683917","Slurpuff","94/217","677066","Slurpuff - 094/217 (Energy Symbol Pattern)","SKIPPED_LOW_NAME_SIMILARITY","0.17"
"pkm-ascended-heroes-94-217-1da9683917","Slurpuff","94/217","676926","Slurpuff - 094/217 (Love Ball)","SKIPPED_LOW_NAME_SIMILARITY","0.20"
"pkm-ascended-heroes-95-217-900e1bae8f","Hop's Phantump","95/217","675907","Hop's Phantump","LINKED","1.00"
"pkm-ascended-heroes-95-217-900e1bae8f","Hop's Phantump","95/217","677067","Hop's Phantump (Energy Symbol Pattern)","LINKED","0.50"
"pkm-ascended-heroes-95-217-900e1bae8f","Hop's Phantump","95/217","676927","Hop's Phantump (Poke Ball)","LINKED","0.60"
"pkm-ascended-heroes-96-217-2761bca83d","Hop's Trevenant","96/217","675908","Hop's Trevenant - 096/217","LINKED","0.60"
"pkm-ascended-heroes-96-217-2761bca83d","Hop's Trevenant","96/217","677068","Hop's Trevenant - 096/217 (Energy Symbol Pattern)","SKIPPED_LOW_NAME_SIMILARITY","0.38"
"pkm-ascended-heroes-96-217-2761bca83d","Hop's Trevenant","96/217","676928","Hop's Trevenant - 096/217 (Poke Ball)","SKIPPED_LOW_NAME_SIMILARITY","0.43"
"pkm-ascended-heroes-97-217-760197aec7","Team Rocket's Mimikyu","97/217","675909","Team Rocket's Mimikyu - 097/217","LINKED","0.67"
"pkm-ascended-heroes-97-217-760197aec7","Team Rocket's Mimikyu","97/217","677069","Team Rocket's Mimikyu - 097/217 (Energy Symbol Pattern)","SKIPPED_LOW_NAME_SIMILARITY","0.44"
"pkm-ascended-heroes-97-217-760197aec7","Team Rocket's Mimikyu","97/217","676929","Team Rocket's Mimikyu - 097/217 (Team Rocket)","LINKED","0.67"
"pkm-ascended-heroes-98-217-cccd1115e0","Spectrier","98/217","675910","Spectrier","LINKED","1.00"
"pkm-ascended-heroes-98-217-cccd1115e0","Spectrier","98/217","676930","Spectrier (Dusk Ball)","SKIPPED_LOW_NAME_SIMILARITY","0.33"
"pkm-ascended-heroes-98-217-cccd1115e0","Spectrier","98/217","677070","Spectrier (Energy Symbol Pattern)","SKIPPED_LOW_NAME_SIMILARITY","0.25"
"pkm-ascended-heroes-99-217-33137089ef","Munkidori","99/217","675911","Munkidori","LINKED","1.00"
"pkm-ascended-heroes-99-217-33137089ef","Munkidori","99/217","676931","Munkidori (Dusk Ball)","SKIPPED_LOW_NAME_SIMILARITY","0.33"
"pkm-ascended-heroes-99-217-33137089ef","Munkidori","99/217","677071","Munkidori (Energy Symbol Pattern)","SKIPPED_LOW_NAME_SIMILARITY","0.25"
"pkm-ascended-heroes-100-217-34706d9651","Team Rocket's Diglett","100/217","675912","Team Rocket's Diglett","LINKED","1.00"
"pkm-ascended-heroes-100-217-34706d9651","Team Rocket's Diglett","100/217","677072","Team Rocket's Diglett (Energy Symbol Pattern)","LINKED","0.57"
"pkm-ascended-heroes-100-217-34706d9651","Team Rocket's Diglett","100/217","676932","Team Rocket's Diglett (Team Rocket)","LINKED","1.00"
"pkm-ascended-heroes-101-217-b79f1969e5","Team Rocket's Dugtrio","101/217","675913","Team Rocket's Dugtrio - 101/217","LINKED","0.67"
"pkm-ascended-heroes-101-217-b79f1969e5","Team Rocket's Dugtrio","101/217","677073","Team Rocket's Dugtrio - 101/217 (Energy Symbol Pattern)","SKIPPED_LOW_NAME_SIMILARITY","0.44"
"pkm-ascended-heroes-101-217-b79f1969e5","Team Rocket's Dugtrio","101/217","676933","Team Rocket's Dugtrio - 101/217 (Team Rocket)","LINKED","0.67"
"pkm-ascended-heroes-102-217-1dfee39618","Hitmontop","102/217","675914","Hitmontop - 102/217","SKIPPED_LOW_NAME_SIMILARITY","0.33"
"pkm-ascended-heroes-102-217-1dfee39618","Hitmontop","102/217","676934","Hitmontop - 102/217 (Dusk Ball)","SKIPPED_LOW_NAME_SIMILARITY","0.20"
"pkm-ascended-heroes-102-217-1dfee39618","Hitmontop","102/217","677074","Hitmontop - 102/217 (Energy Symbol Pattern)","SKIPPED_LOW_NAME_SIMILARITY","0.17"
"pkm-ascended-heroes-103-217-9d91b0295f","Meditite","103/217","675915","Meditite","LINKED","1.00"
"pkm-ascended-heroes-103-217-9d91b0295f","Meditite","103/217","677075","Meditite (Energy Symbol Pattern)","SKIPPED_LOW_NAME_SIMILARITY","0.25"
"pkm-ascended-heroes-103-217-9d91b0295f","Meditite","103/217","676935","Meditite (Quick Ball)","SKIPPED_LOW_NAME_SIMILARITY","0.33"
"pkm-ascended-heroes-104-217-d26b3a24b1","Medicham","104/217","675916","Medicham - 104/217","SKIPPED_LOW_NAME_SIMILARITY","0.33"
"pkm-ascended-heroes-104-217-d26b3a24b1","Medicham","104/217","677076","Medicham - 104/217 (Energy Symbol Pattern)","SKIPPED_LOW_NAME_SIMILARITY","0.17"
"pkm-ascended-heroes-104-217-d26b3a24b1","Medicham","104/217","676936","Medicham - 104/217 (Quick Ball)","SKIPPED_LOW_NAME_SIMILARITY","0.20"
"pkm-ascended-heroes-105-217-9e73a36c72","Lunatone","105/217","675917","Lunatone","LINKED","1.00"
"pkm-ascended-heroes-105-217-9e73a36c72","Lunatone","105/217","676937","Lunatone (Dusk Ball)","SKIPPED_LOW_NAME_SIMILARITY","0.33"
"pkm-ascended-heroes-105-217-9e73a36c72","Lunatone","105/217","677077","Lunatone (Energy Symbol Pattern)","SKIPPED_LOW_NAME_SIMILARITY","0.25"
"pkm-ascended-heroes-106-217-bfaa13a212","Solrock","106/217","675918","Solrock","LINKED","1.00"
"pkm-ascended-heroes-106-217-bfaa13a212","Solrock","106/217","676938","Solrock (Dusk Ball)","SKIPPED_LOW_NAME_SIMILARITY","0.33"
"pkm-ascended-heroes-106-217-bfaa13a212","Solrock","106/217","677078","Solrock (Energy Symbol Pattern)","SKIPPED_LOW_NAME_SIMILARITY","0.25"
"pkm-ascended-heroes-107-217-d73e99780b","Regirock ex","107/217","675919","Regirock ex","LINKED","1.00"
"pkm-ascended-heroes-108-217-14527e25db","Groudon","108/217","675920","Groudon","LINKED","1.00"
"pkm-ascended-heroes-108-217-14527e25db","Groudon","108/217","676939","Groudon (Dusk Ball)","SKIPPED_LOW_NAME_SIMILARITY","0.33"
"pkm-ascended-heroes-108-217-14527e25db","Groudon","108/217","677079","Groudon (Energy Symbol Pattern)","SKIPPED_LOW_NAME_SIMILARITY","0.25"
"pkm-ascended-heroes-109-217-1f034ff8c8","Cynthia's Gible","109/217","675921","Cynthia's Gible","LINKED","1.00"
"pkm-ascended-heroes-109-217-1f034ff8c8","Cynthia's Gible","109/217","677080","Cynthia's Gible (Energy Symbol Pattern)","LINKED","0.50"
"pkm-ascended-heroes-109-217-1f034ff8c8","Cynthia's Gible","109/217","676940","Cynthia's Gible (Poke Ball)","LINKED","0.60"
"pkm-ascended-heroes-110-217-52e92d21c5","Cynthia's Gabite","110/217","675922","Cynthia's Gabite","LINKED","1.00"
"pkm-ascended-heroes-110-217-52e92d21c5","Cynthia's Gabite","110/217","677081","Cynthia's Gabite (Energy Symbol Pattern)","LINKED","0.50"
"pkm-ascended-heroes-110-217-52e92d21c5","Cynthia's Gabite","110/217","676941","Cynthia's Gabite (Poke Ball)","LINKED","0.60"
"pkm-ascended-heroes-111-217-28d3f41195","Cynthia's Garchomp ex","111/217","675923","Cynthia's Garchomp ex","LINKED","1.00"
"pkm-ascended-heroes-112-217-8c482c98dd","Riolu","112/217","675924","Riolu","LINKED","1.00"
"pkm-ascended-heroes-112-217-8c482c98dd","Riolu","112/217","677082","Riolu (Energy Symbol Pattern)","SKIPPED_LOW_NAME_SIMILARITY","0.25"
"pkm-ascended-heroes-112-217-8c482c98dd","Riolu","112/217","676942","Riolu (Friend Ball)","SKIPPED_LOW_NAME_SIMILARITY","0.33"
"pkm-ascended-heroes-113-217-1b441077ee","Mega Lucario ex","113/217","675925","Mega Lucario ex","LINKED","1.00"
"pkm-ascended-heroes-114-217-33c8acc808","Stunfisk ex","114/217","675926","Stunfisk ex - 114/217","LINKED","0.50"
"pkm-ascended-heroes-115-217-dce2c1aa1e","Pancham","115/217","675927","Pancham","LINKED","1.00"
"pkm-ascended-heroes-115-217-dce2c1aa1e","Pancham","115/217","677083","Pancham (Energy Symbol Pattern)","SKIPPED_LOW_NAME_SIMILARITY","0.25"
"pkm-ascended-heroes-115-217-dce2c1aa1e","Pancham","115/217","676943","Pancham (Love Ball)","SKIPPED_LOW_NAME_SIMILARITY","0.33"
"pkm-ascended-heroes-116-217-328098f8df","Mega Hawlucha ex","116/217","675928","Mega Hawlucha ex - 116/217","LINKED","0.60"
"pkm-ascended-heroes-117-217-4d5515a1cb","Carbink","117/217","675929","Carbink - 117/217","SKIPPED_LOW_NAME_SIMILARITY","0.33"
"pkm-ascended-heroes-117-217-4d5515a1cb","Carbink","117/217","677084","Carbink - 117/217 (Energy Symbol Pattern)","SKIPPED_LOW_NAME_SIMILARITY","0.17"
"pkm-ascended-heroes-117-217-4d5515a1cb","Carbink","117/217","676944","Carbink - 117/217 (Love Ball)","SKIPPED_LOW_NAME_SIMILARITY","0.20"
"pkm-ascended-heroes-118-217-bb54c115dd","Rolycoly","118/217","675930","Rolycoly","LINKED","1.00"
"pkm-ascended-heroes-118-217-bb54c115dd","Rolycoly","118/217","676945","Rolycoly (Dusk Ball)","SKIPPED_LOW_NAME_SIMILARITY","0.33"
"pkm-ascended-heroes-118-217-bb54c115dd","Rolycoly","118/217","677085","Rolycoly (Energy Symbol Pattern)","SKIPPED_LOW_NAME_SIMILARITY","0.25"
"pkm-ascended-heroes-119-217-a4003fd2b7","Carkol","119/217","675931","Carkol","LINKED","1.00"
"pkm-ascended-heroes-119-217-a4003fd2b7","Carkol","119/217","676946","Carkol (Dusk Ball)","SKIPPED_LOW_NAME_SIMILARITY","0.33"
"pkm-ascended-heroes-119-217-a4003fd2b7","Carkol","119/217","677086","Carkol (Energy Symbol Pattern)","SKIPPED_LOW_NAME_SIMILARITY","0.25"
"pkm-ascended-heroes-120-217-51e9e2e8c3","Coalossal","120/217","675932","Coalossal","LINKED","1.00"
"pkm-ascended-heroes-120-217-51e9e2e8c3","Coalossal","120/217","676947","Coalossal (Dusk Ball)","SKIPPED_LOW_NAME_SIMILARITY","0.33"
"pkm-ascended-heroes-120-217-51e9e2e8c3","Coalossal","120/217","677087","Coalossal (Energy Symbol Pattern)","SKIPPED_LOW_NAME_SIMILARITY","0.25"
"pkm-ascended-heroes-121-217-9681d8be42","Koraidon ex","121/217","675933","Koraidon ex","LINKED","1.00"
"pkm-ascended-heroes-122-217-29ce8fd97a","Okidogi","122/217","675934","Okidogi","LINKED","1.00"
"pkm-ascended-heroes-122-217-29ce8fd97a","Okidogi","122/217","677088","Okidogi (Energy Symbol Pattern)","SKIPPED_LOW_NAME_SIMILARITY","0.25"
"pkm-ascended-heroes-122-217-29ce8fd97a","Okidogi","122/217","676948","Okidogi (Friend Ball)","SKIPPED_LOW_NAME_SIMILARITY","0.33"
"pkm-ascended-heroes-123-217-e9c373ab6a","Gastly","123/217","675935","Gastly","LINKED","1.00"
"pkm-ascended-heroes-123-217-e9c373ab6a","Gastly","123/217","676949","Gastly (Dusk Ball)","SKIPPED_LOW_NAME_SIMILARITY","0.33"
"pkm-ascended-heroes-123-217-e9c373ab6a","Gastly","123/217","677089","Gastly (Energy Symbol Pattern)","SKIPPED_LOW_NAME_SIMILARITY","0.25"
"pkm-ascended-heroes-124-217-b0fdff4eae","Haunter","124/217","675936","Haunter","LINKED","1.00"
"pkm-ascended-heroes-124-217-b0fdff4eae","Haunter","124/217","676950","Haunter (Dusk Ball)","SKIPPED_LOW_NAME_SIMILARITY","0.33"
"pkm-ascended-heroes-124-217-b0fdff4eae","Haunter","124/217","677090","Haunter (Energy Symbol Pattern)","SKIPPED_LOW_NAME_SIMILARITY","0.25"
"pkm-ascended-heroes-125-217-74ef34ae5c","Mega Gengar ex","125/217","675937","Mega Gengar ex - 125/217","LINKED","0.60"
"pkm-ascended-heroes-126-217-8c028c1d13","Team Rocket's Murkrow","126/217","675938","Team Rocket's Murkrow","LINKED","1.00"
"pkm-ascended-heroes-126-217-8c028c1d13","Team Rocket's Murkrow","126/217","677091","Team Rocket's Murkrow (Energy Symbol Pattern)","LINKED","0.57"
"pkm-ascended-heroes-126-217-8c028c1d13","Team Rocket's Murkrow","126/217","676951","Team Rocket's Murkrow (Team Rocket)","LINKED","1.00"
"pkm-ascended-heroes-127-217-a848e0cec4","Team Rocket's Honchkrow","127/217","675939","Team Rocket's Honchkrow","LINKED","1.00"
"pkm-ascended-heroes-127-217-a848e0cec4","Team Rocket's Honchkrow","127/217","677092","Team Rocket's Honchkrow (Energy Symbol Pattern)","LINKED","0.57"
"pkm-ascended-heroes-127-217-a848e0cec4","Team Rocket's Honchkrow","127/217","676952","Team Rocket's Honchkrow (Team Rocket)","LINKED","1.00"
"pkm-ascended-heroes-128-217-991e6cb93a","Poochyena","128/217","675940","Poochyena","LINKED","1.00"
"pkm-ascended-heroes-128-217-991e6cb93a","Poochyena","128/217","676953","Poochyena (Dusk Ball)","SKIPPED_LOW_NAME_SIMILARITY","0.33"
"pkm-ascended-heroes-128-217-991e6cb93a","Poochyena","128/217","677093","Poochyena (Energy Symbol Pattern)","SKIPPED_LOW_NAME_SIMILARITY","0.25"
"pkm-ascended-heroes-129-217-7a7836f617","Mightyena","129/217","675941","Mightyena - 129/217","SKIPPED_LOW_NAME_SIMILARITY","0.33"
"pkm-ascended-heroes-129-217-7a7836f617","Mightyena","129/217","676954","Mightyena - 129/217 (Dusk Ball)","SKIPPED_LOW_NAME_SIMILARITY","0.20"
"pkm-ascended-heroes-129-217-7a7836f617","Mightyena","129/217","677094","Mightyena - 129/217 (Energy Symbol Pattern)","SKIPPED_LOW_NAME_SIMILARITY","0.17"
"pkm-ascended-heroes-130-217-ef98b75c06","Galarian Zigzagoon","130/217","675942","Galarian Zigzagoon","LINKED","1.00"
"pkm-ascended-heroes-130-217-ef98b75c06","Galarian Zigzagoon","130/217","676955","Galarian Zigzagoon (Dusk Ball)","LINKED","0.50"
"pkm-ascended-heroes-130-217-ef98b75c06","Galarian Zigzagoon","130/217","677095","Galarian Zigzagoon (Energy Symbol Pattern)","SKIPPED_LOW_NAME_SIMILARITY","0.40"
"pkm-ascended-heroes-131-217-2905a6daa8","Galarian Linoone","131/217","675943","Galarian Linoone","LINKED","1.00"
"pkm-ascended-heroes-131-217-2905a6daa8","Galarian Linoone","131/217","676956","Galarian Linoone (Dusk Ball)","LINKED","0.50"
"pkm-ascended-heroes-131-217-2905a6daa8","Galarian Linoone","131/217","677096","Galarian Linoone (Energy Symbol Pattern)","SKIPPED_LOW_NAME_SIMILARITY","0.40"
"pkm-ascended-heroes-132-217-15276279a2","Galarian Obstagoon","132/217","675944","Galarian Obstagoon - 132/217","LINKED","0.50"
"pkm-ascended-heroes-132-217-15276279a2","Galarian Obstagoon","132/217","676957","Galarian Obstagoon - 132/217 (Dusk Ball)","SKIPPED_LOW_NAME_SIMILARITY","0.33"
"pkm-ascended-heroes-132-217-15276279a2","Galarian Obstagoon","132/217","677097","Galarian Obstagoon - 132/217 (Energy Symbol Pattern)","SKIPPED_LOW_NAME_SIMILARITY","0.29"
"pkm-ascended-heroes-133-217-3dfc56914d","Cynthia's Spiritomb","133/217","675945","Cynthia's Spiritomb - 133/217","LINKED","0.60"
"pkm-ascended-heroes-133-217-3dfc56914d","Cynthia's Spiritomb","133/217","677098","Cynthia's Spiritomb - 133/217 (Energy Symbol Pattern)","SKIPPED_LOW_NAME_SIMILARITY","0.38"
"pkm-ascended-heroes-133-217-3dfc56914d","Cynthia's Spiritomb","133/217","676958","Cynthia's Spiritomb - 133/217 (Poke Ball)","SKIPPED_LOW_NAME_SIMILARITY","0.43"
"pkm-ascended-heroes-134-217-262d798260","Scraggy","134/217","675946","Scraggy","LINKED","1.00"
"pkm-ascended-heroes-134-217-262d798260","Scraggy","134/217","677099","Scraggy (Energy Symbol Pattern)","SKIPPED_LOW_NAME_SIMILARITY","0.25"
"pkm-ascended-heroes-134-217-262d798260","Scraggy","134/217","676959","Scraggy (Quick Ball)","SKIPPED_LOW_NAME_SIMILARITY","0.33"
"pkm-ascended-heroes-135-217-74229d0569","Mega Scrafty ex","135/217","675947","Mega Scrafty ex - 135/217","LINKED","0.60"
"pkm-ascended-heroes-136-217-c724b83b1e","N's Zorua","136/217","675948","N's Zorua","LINKED","1.00"
"pkm-ascended-heroes-136-217-c724b83b1e","N's Zorua","136/217","677100","N's Zorua (Energy Symbol Pattern)","LINKED","0.50"
"pkm-ascended-heroes-136-217-c724b83b1e","N's Zorua","136/217","676960","N's Zorua (Poke Ball)","LINKED","0.60"
"pkm-ascended-heroes-137-217-be4270a5d9","N's Zoroark ex","137/217","675949","N's Zoroark ex - 137/217","LINKED","0.67"
"pkm-ascended-heroes-138-217-0c5d2b4e7c","Vullaby","138/217","675950","Vullaby","LINKED","1.00"
"pkm-ascended-heroes-138-217-0c5d2b4e7c","Vullaby","138/217","676961","Vullaby (Dusk Ball)","SKIPPED_LOW_NAME_SIMILARITY","0.33"
"pkm-ascended-heroes-138-217-0c5d2b4e7c","Vullaby","138/217","677101","Vullaby (Energy Symbol Pattern)","SKIPPED_LOW_NAME_SIMILARITY","0.25"
"pkm-ascended-heroes-139-217-cec176dbe5","Mandibuzz ex","139/217","675951","Mandibuzz ex","LINKED","1.00"
"pkm-ascended-heroes-140-217-c3dc4616b7","Pangoro","140/217","675952","Pangoro","LINKED","1.00"
"pkm-ascended-heroes-140-217-c3dc4616b7","Pangoro","140/217","677102","Pangoro (Energy Symbol Pattern)","SKIPPED_LOW_NAME_SIMILARITY","0.25"
"pkm-ascended-heroes-140-217-c3dc4616b7","Pangoro","140/217","676962","Pangoro (Love Ball)","SKIPPED_LOW_NAME_SIMILARITY","0.33"
"pkm-ascended-heroes-141-217-7881e97447","Hoopa","141/217","675953","Hoopa","LINKED","1.00"
"pkm-ascended-heroes-141-217-7881e97447","Hoopa","141/217","677103","Hoopa (Energy Symbol Pattern)","SKIPPED_LOW_NAME_SIMILARITY","0.25"
"pkm-ascended-heroes-141-217-7881e97447","Hoopa","141/217","676963","Hoopa (Poke Ball)","SKIPPED_LOW_NAME_SIMILARITY","0.33"
"pkm-ascended-heroes-142-217-290b186f92","Fezandipiti ex","142/217","675954","Fezandipiti ex - 142/217","LINKED","0.50"
"pkm-ascended-heroes-143-217-05abd29718","Pecharunt","143/217","675955","Pecharunt","LINKED","1.00"
"pkm-ascended-heroes-143-217-05abd29718","Pecharunt","143/217","677104","Pecharunt (Energy Symbol Pattern)","SKIPPED_LOW_NAME_SIMILARITY","0.25"
"pkm-ascended-heroes-143-217-05abd29718","Pecharunt","143/217","676964","Pecharunt (Poke Ball)","SKIPPED_LOW_NAME_SIMILARITY","0.33"
"pkm-ascended-heroes-144-217-a6f37cdede","Mawile","144/217","675956","Mawile - 144/217","SKIPPED_LOW_NAME_SIMILARITY","0.33"
"pkm-ascended-heroes-144-217-a6f37cdede","Mawile","144/217","676965","Mawile - 144/217 (Dusk Ball)","SKIPPED_LOW_NAME_SIMILARITY","0.20"
"pkm-ascended-heroes-144-217-a6f37cdede","Mawile","144/217","677105","Mawile - 144/217 (Energy Symbol Pattern)","SKIPPED_LOW_NAME_SIMILARITY","0.17"
"pkm-ascended-heroes-145-217-3bf6ca522b","Registeel ex","145/217","675957","Registeel ex","LINKED","1.00"
"pkm-ascended-heroes-146-217-90ef8e0d74","Pawniard","146/217","675958","Pawniard","LINKED","1.00"
"pkm-ascended-heroes-146-217-90ef8e0d74","Pawniard","146/217","677106","Pawniard (Energy Symbol Pattern)","SKIPPED_LOW_NAME_SIMILARITY","0.25"
"pkm-ascended-heroes-146-217-90ef8e0d74","Pawniard","146/217","676966","Pawniard (Quick Ball)","SKIPPED_LOW_NAME_SIMILARITY","0.33"
"pkm-ascended-heroes-147-217-98635b2730","Bisharp","147/217","675959","Bisharp","LINKED","1.00"
"pkm-ascended-heroes-147-217-98635b2730","Bisharp","147/217","677107","Bisharp (Energy Symbol Pattern)","SKIPPED_LOW_NAME_SIMILARITY","0.25"
"pkm-ascended-heroes-147-217-98635b2730","Bisharp","147/217","676967","Bisharp (Quick Ball)","SKIPPED_LOW_NAME_SIMILARITY","0.33"
"pkm-ascended-heroes-148-217-7e7a5182e8","Kingambit","148/217","675960","Kingambit","LINKED","1.00"
"pkm-ascended-heroes-148-217-7e7a5182e8","Kingambit","148/217","677108","Kingambit (Energy Symbol Pattern)","SKIPPED_LOW_NAME_SIMILARITY","0.25"
"pkm-ascended-heroes-148-217-7e7a5182e8","Kingambit","148/217","676968","Kingambit (Quick Ball)","SKIPPED_LOW_NAME_SIMILARITY","0.33"
"pkm-ascended-heroes-149-217-e8017f5195","Togedemaru ex","149/217","675961","Togedemaru ex","LINKED","1.00"
"pkm-ascended-heroes-150-217-641f77cfa6","Dratini","150/217","","","NO_CANDIDATES",""
"pkm-ascended-heroes-151-217-ac02841f6f","Dragonair","151/217","675963","Dragonair","LINKED","1.00"
"pkm-ascended-heroes-151-217-ac02841f6f","Dragonair","151/217","677110","Dragonair (Energy Symbol Pattern)","SKIPPED_LOW_NAME_SIMILARITY","0.25"
"pkm-ascended-heroes-151-217-ac02841f6f","Dragonair","151/217","676970","Dragonair (Love Ball)","SKIPPED_LOW_NAME_SIMILARITY","0.33"
"pkm-ascended-heroes-152-217-7889ea801b","Mega Dragonite ex","152/217","675964","Mega Dragonite ex - 152/217","LINKED","0.60"
"pkm-ascended-heroes-153-217-1069c8650f","Rayquaza","153/217","675965","Rayquaza","LINKED","1.00"
"pkm-ascended-heroes-153-217-1069c8650f","Rayquaza","153/217","677111","Rayquaza (Energy Symbol Pattern)","SKIPPED_LOW_NAME_SIMILARITY","0.25"
"pkm-ascended-heroes-153-217-1069c8650f","Rayquaza","153/217","676971","Rayquaza (Friend Ball)","SKIPPED_LOW_NAME_SIMILARITY","0.33"
"pkm-ascended-heroes-154-217-6e270abbdf","N's Reshiram","154/217","675966","N's Reshiram","LINKED","1.00"
"pkm-ascended-heroes-154-217-6e270abbdf","N's Reshiram","154/217","677112","N's Reshiram (Energy Symbol Pattern)","LINKED","0.50"
"pkm-ascended-heroes-154-217-6e270abbdf","N's Reshiram","154/217","676972","N's Reshiram (Poke Ball)","LINKED","0.60"
"pkm-ascended-heroes-155-217-e331dc12bf","N's Zekrom","155/217","675967","N's Zekrom","LINKED","1.00"
"pkm-ascended-heroes-155-217-e331dc12bf","N's Zekrom","155/217","677113","N's Zekrom (Energy Symbol Pattern)","LINKED","0.50"
"pkm-ascended-heroes-155-217-e331dc12bf","N's Zekrom","155/217","676973","N's Zekrom (Poke Ball)","LINKED","0.60"
"pkm-ascended-heroes-156-217-9b501e9832","Noibat","156/217","675968","Noibat","LINKED","1.00"
"pkm-ascended-heroes-156-217-9b501e9832","Noibat","156/217","677114","Noibat (Energy Symbol Pattern)","SKIPPED_LOW_NAME_SIMILARITY","0.25"
"pkm-ascended-heroes-156-217-9b501e9832","Noibat","156/217","676974","Noibat (Friend Ball)","SKIPPED_LOW_NAME_SIMILARITY","0.33"
"pkm-ascended-heroes-157-217-078dda2472","Noivern","157/217","675969","Noivern","LINKED","1.00"
"pkm-ascended-heroes-157-217-078dda2472","Noivern","157/217","677115","Noivern (Energy Symbol Pattern)","SKIPPED_LOW_NAME_SIMILARITY","0.25"
"pkm-ascended-heroes-157-217-078dda2472","Noivern","157/217","676975","Noivern (Friend Ball)","SKIPPED_LOW_NAME_SIMILARITY","0.33"
"pkm-ascended-heroes-158-217-ee3fcad8ee","Dreepy","158/217","675970","Dreepy - 158/217","SKIPPED_LOW_NAME_SIMILARITY","0.33"
"pkm-ascended-heroes-158-217-ee3fcad8ee","Dreepy","158/217","677116","Dreepy - 158/217 (Energy Symbol Pattern)","SKIPPED_LOW_NAME_SIMILARITY","0.17"
"pkm-ascended-heroes-158-217-ee3fcad8ee","Dreepy","158/217","676976","Dreepy - 158/217 (Quick Ball)","SKIPPED_LOW_NAME_SIMILARITY","0.20"
"pkm-ascended-heroes-159-217-7df7b5a21e","Drakloak","159/217","675971","Drakloak - 159/217","SKIPPED_LOW_NAME_SIMILARITY","0.33"
"pkm-ascended-heroes-159-217-7df7b5a21e","Drakloak","159/217","677117","Drakloak - 159/217 (Energy Symbol Pattern)","SKIPPED_LOW_NAME_SIMILARITY","0.17"
"pkm-ascended-heroes-159-217-7df7b5a21e","Drakloak","159/217","676977","Drakloak - 159/217 (Quick Ball)","SKIPPED_LOW_NAME_SIMILARITY","0.20"
"pkm-ascended-heroes-160-217-bcc5e6097b","Dragapult ex","160/217","675972","Dragapult ex","LINKED","1.00"
"pkm-ascended-heroes-161-217-6f751ccb2b","Team Rocket's Meowth","161/217","675973","Team Rocket's Meowth","LINKED","1.00"
"pkm-ascended-heroes-161-217-6f751ccb2b","Team Rocket's Meowth","161/217","677118","Team Rocket's Meowth (Energy Symbol Pattern)","LINKED","0.57"
"pkm-ascended-heroes-161-217-6f751ccb2b","Team Rocket's Meowth","161/217","676978","Team Rocket's Meowth (Team Rocket)","LINKED","1.00"
"pkm-ascended-heroes-162-217-4b542d20da","Team Rocket's Kangaskhan ex","162/217","675974","Team Rocket's Kangaskhan ex","LINKED","1.00"
"pkm-ascended-heroes-163-217-700351845f","Larry's Dunsparce","163/217","675975","Larry's Dunsparce","LINKED","1.00"
"pkm-ascended-heroes-163-217-700351845f","Larry's Dunsparce","163/217","677119","Larry's Dunsparce (Energy Symbol Pattern)","LINKED","0.50"
"pkm-ascended-heroes-163-217-700351845f","Larry's Dunsparce","163/217","676979","Larry's Dunsparce (Poke Ball)","LINKED","0.60"
"pkm-ascended-heroes-164-217-3118527629","Larry's Dudunsparce ex","164/217","675976","Larry's Dudunsparce ex","LINKED","1.00"
"pkm-ascended-heroes-165-217-cf81d3a75a","Skitty","165/217","675977","Skitty","LINKED","1.00"
"pkm-ascended-heroes-165-217-cf81d3a75a","Skitty","165/217","677120","Skitty (Energy Symbol Pattern)","SKIPPED_LOW_NAME_SIMILARITY","0.25"
"pkm-ascended-heroes-165-217-cf81d3a75a","Skitty","165/217","676980","Skitty (Love Ball)","SKIPPED_LOW_NAME_SIMILARITY","0.33"
"pkm-ascended-heroes-166-217-4d292c1906","Delcatty","166/217","675978","Delcatty","LINKED","1.00"
"pkm-ascended-heroes-166-217-4d292c1906","Delcatty","166/217","677121","Delcatty (Energy Symbol Pattern)","SKIPPED_LOW_NAME_SIMILARITY","0.25"
"pkm-ascended-heroes-166-217-4d292c1906","Delcatty","166/217","676981","Delcatty (Love Ball)","SKIPPED_LOW_NAME_SIMILARITY","0.33"
"pkm-ascended-heroes-167-217-2e999a919f","Zangoose ex","167/217","675979","Zangoose ex","LINKED","1.00"
"pkm-ascended-heroes-168-217-2985e48c10","Larry's Starly","168/217","675980","Larry's Starly","LINKED","1.00"
"pkm-ascended-heroes-168-217-2985e48c10","Larry's Starly","168/217","677122","Larry's Starly (Energy Symbol Pattern)","LINKED","0.50"
"pkm-ascended-heroes-168-217-2985e48c10","Larry's Starly","168/217","676982","Larry's Starly (Poke Ball)","LINKED","0.60"
"pkm-ascended-heroes-169-217-37014bb8a8","Larry's Staravia","169/217","675981","Larry's Staravia","LINKED","1.00"
"pkm-ascended-heroes-169-217-37014bb8a8","Larry's Staravia","169/217","677123","Larry's Staravia (Energy Symbol Pattern)","LINKED","0.50"
"pkm-ascended-heroes-169-217-37014bb8a8","Larry's Staravia","169/217","676983","Larry's Staravia (Poke Ball)","LINKED","0.60"
"pkm-ascended-heroes-170-217-9dc3c8073d","Larry's Staraptor","170/217","675982","Larry's Staraptor - 170/217","LINKED","0.60"
"pkm-ascended-heroes-170-217-9dc3c8073d","Larry's Staraptor","170/217","677124","Larry's Staraptor - 170/217 (Energy Symbol Pattern)","SKIPPED_LOW_NAME_SIMILARITY","0.38"
"pkm-ascended-heroes-170-217-9dc3c8073d","Larry's Staraptor","170/217","676984","Larry's Staraptor - 170/217 (Poke Ball)","SKIPPED_LOW_NAME_SIMILARITY","0.43"
"pkm-ascended-heroes-171-217-8af9c38aa6","Fan Rotom","171/217","675983","Fan Rotom - 171/217","LINKED","0.50"
"pkm-ascended-heroes-171-217-8af9c38aa6","Fan Rotom","171/217","676985","Fan Rotom - 171/217 (Dusk Ball)","SKIPPED_LOW_NAME_SIMILARITY","0.33"
"pkm-ascended-heroes-171-217-8af9c38aa6","Fan Rotom","171/217","677125","Fan Rotom - 171/217 (Energy Symbol Pattern)","SKIPPED_LOW_NAME_SIMILARITY","0.29"
"pkm-ascended-heroes-172-217-4d3f7f52aa","Mega Audino ex","172/217","675984","Mega Audino ex - 172/217","LINKED","0.60"
"pkm-ascended-heroes-173-217-2a75f966da","Larry's Rufflet","173/217","675985","Larry's Rufflet","LINKED","1.00"
"pkm-ascended-heroes-173-217-2a75f966da","Larry's Rufflet","173/217","677126","Larry's Rufflet (Energy Symbol Pattern)","LINKED","0.50"
"pkm-ascended-heroes-173-217-2a75f966da","Larry's Rufflet","173/217","676986","Larry's Rufflet (Poke Ball)","LINKED","0.60"
"pkm-ascended-heroes-174-217-91242183e3","Larry's Braviary","174/217","675986","Larry's Braviary","LINKED","1.00"
"pkm-ascended-heroes-174-217-91242183e3","Larry's Braviary","174/217","677127","Larry's Braviary (Energy Symbol Pattern)","LINKED","0.50"
"pkm-ascended-heroes-174-217-91242183e3","Larry's Braviary","174/217","676987","Larry's Braviary (Poke Ball)","LINKED","0.60"
"pkm-ascended-heroes-175-217-67838fae8e","Larry's Komala","175/217","675987","Larry's Komala","LINKED","1.00"
"pkm-ascended-heroes-175-217-67838fae8e","Larry's Komala","175/217","677128","Larry's Komala (Energy Symbol Pattern)","LINKED","0.50"
"pkm-ascended-heroes-175-217-67838fae8e","Larry's Komala","175/217","676988","Larry's Komala (Poke Ball)","LINKED","0.60"
"pkm-ascended-heroes-176-217-67876bcfa7","Drampa","176/217","675988","Drampa","LINKED","1.00"
"pkm-ascended-heroes-176-217-67876bcfa7","Drampa","176/217","677129","Drampa (Energy Symbol Pattern)","SKIPPED_LOW_NAME_SIMILARITY","0.25"
"pkm-ascended-heroes-176-217-67876bcfa7","Drampa","176/217","676989","Drampa (Friend Ball)","SKIPPED_LOW_NAME_SIMILARITY","0.33"
"pkm-ascended-heroes-177-217-73a2cc612f","Hop's Cramorant","177/217","675989","Hop's Cramorant","LINKED","1.00"
"pkm-ascended-heroes-177-217-73a2cc612f","Hop's Cramorant","177/217","677130","Hop's Cramorant (Energy Symbol Pattern)","LINKED","0.50"
"pkm-ascended-heroes-177-217-73a2cc612f","Hop's Cramorant","177/217","676990","Hop's Cramorant (Poke Ball)","LINKED","0.60"
"pkm-ascended-heroes-178-217-d5ce1b2f98","Terapagos","178/217","675990","Terapagos","LINKED","1.00"
"pkm-ascended-heroes-178-217-d5ce1b2f98","Terapagos","178/217","677131","Terapagos (Energy Symbol Pattern)","SKIPPED_LOW_NAME_SIMILARITY","0.25"
"pkm-ascended-heroes-178-217-d5ce1b2f98","Terapagos","178/217","676991","Terapagos (Love Ball)","SKIPPED_LOW_NAME_SIMILARITY","0.33"
"pkm-ascended-heroes-179-217-ea9d5f4ed3","Terapagos ex","179/217","675991","Terapagos ex","LINKED","1.00"
"pkm-ascended-heroes-180-217-fe44091347","Acerola's Mischief","180/217","675992","Acerola's Mischief","LINKED","1.00"
"pkm-ascended-heroes-181-217-5c1027fe3e","Air Balloon","181/217","675993","Air Balloon","LINKED","1.00"
"pkm-ascended-heroes-182-217-4f9e3f2758","Anthea & Concordia","182/217","675994","Anthea & Concordia - 182/217","LINKED","0.50"
"pkm-ascended-heroes-183-217-83586c55d3","Boss's Orders","183/217","675995","Boss's Orders [Corbeau] - 183/217","LINKED","0.50"
"pkm-ascended-heroes-184-217-df9ea03d81","Buddy-Buddy Poffin","184/217","675996","Buddy-Buddy Poffin","LINKED","1.00"
"pkm-ascended-heroes-185-217-3909627a0d","Canari","185/217","675997","Canari - 185/217","SKIPPED_LOW_NAME_SIMILARITY","0.33"
"pkm-ascended-heroes-186-217-0413b3a895","Counter Gain","186/217","675998","Counter Gain - 186/217","LINKED","0.50"
"pkm-ascended-heroes-187-217-ffa58e9052","Fighting Gong","187/217","","","NO_CANDIDATES",""
"pkm-ascended-heroes-188-217-e7c6e50905","Forest of Vitality","188/217","676000","Forest of Vitality","LINKED","1.00"
"pkm-ascended-heroes-189-217-598e9c81b7","Glass Trumpet","189/217","676001","Glass Trumpet - 189/217","LINKED","0.50"
"pkm-ascended-heroes-190-217-161e88ffd2","Iris's Fighting Spirit","190/217","","","NO_CANDIDATES",""
"pkm-ascended-heroes-191-217-c0eed34366","Light Ball","191/217","676003","Light Ball","LINKED","1.00"
"pkm-ascended-heroes-192-217-26f8a600c1","Lillie's Determination","192/217","676004","Lillie's Determination","LINKED","1.00"
"pkm-ascended-heroes-193-217-77338c7a6c","Mega Signal","193/217","676005","Mega Signal","LINKED","1.00"
"pkm-ascended-heroes-194-217-515c677024","Mystery Garden","194/217","676006","Mystery Garden","LINKED","1.00"
"pkm-ascended-heroes-195-217-95b881fd27","N's PP Up","195/217","676007","N's PP Up - 195/217","LINKED","0.67"
"pkm-ascended-heroes-196-217-a495335553","Night Stretcher","196/217","676008","Night Stretcher","LINKED","1.00"
"pkm-ascended-heroes-197-217-c5c90a01f7","Nighttime Mine","197/217","676009","Nighttime Mine","LINKED","1.00"
"pkm-ascended-heroes-198-217-934bd9ee7e","Poké Pad","198/217","676010","Poke Pad","LINKED","0.50"
"pkm-ascended-heroes-199-217-febb54c92f","Premium Power Pro","199/217","676011","Premium Power Pro","LINKED","1.00"
"pkm-ascended-heroes-200-217-7e5431d984","Surfer","200/217","676012","Surfer - 200/217","SKIPPED_LOW_NAME_SIMILARITY","0.33"
"pkm-ascended-heroes-201-217-825bd62fd3","Team Rocket's Archer","201/217","676013","Team Rocket's Archer","LINKED","1.00"
"pkm-ascended-heroes-202-217-0577f47ed5","Team Rocket's Ariana","202/217","676014","Team Rocket's Ariana","LINKED","1.00"
"pkm-ascended-heroes-203-217-74b1d96df7","Team Rocket's Factory","203/217","676015","Team Rocket's Factory","LINKED","1.00"
"pkm-ascended-heroes-204-217-2516dc3aed","Team Rocket's Giovanni","204/217","676016","Team Rocket's Giovanni","LINKED","1.00"
"pkm-ascended-heroes-205-217-914e63c4fb","Team Rocket's Great Ball","205/217","676017","Team Rocket's Great Ball","LINKED","1.00"
"pkm-ascended-heroes-206-217-be2da34ac5","Team Rocket's Hypnotizer","206/217","676018","Team Rocket's Hypnotizer","LINKED","1.00"
"pkm-ascended-heroes-207-217-02e231d73e","Team Rocket's Petrel","207/217","676019","Team Rocket's Petrel","LINKED","1.00"
"pkm-ascended-heroes-208-217-90a73365cb","Team Rocket's Proton","208/217","676020","Team Rocket's Proton","LINKED","1.00"
"pkm-ascended-heroes-209-217-f976d5747a","Team Rocket's Transceiver","209/217","676021","Team Rocket's Transceiver - 209/217","LINKED","0.67"
"pkm-ascended-heroes-210-217-f2ee823a9c","Team Rocket's Watchtower","210/217","676022","Team Rocket's Watchtower","LINKED","1.00"
"pkm-ascended-heroes-211-217-65a4bc808a","Thick Scale","211/217","676023","Thick Scale","LINKED","1.00"
"pkm-ascended-heroes-212-217-0f9d7ba388","Tool Scrapper","212/217","676024","Tool Scrapper","LINKED","1.00"
"pkm-ascended-heroes-213-217-09b304b36c","Ultra Ball","213/217","676025","Ultra Ball - 213/217","LINKED","0.50"
"pkm-ascended-heroes-214-217-610e248152","Urbain","214/217","676026","Urbain","LINKED","1.00"
"pkm-ascended-heroes-215-217-059baacb0f","Waitress","215/217","676027","Waitress","LINKED","1.00"
"pkm-ascended-heroes-216-217-6236f70cba","Prism Energy","216/217","676028","Prism Energy","LINKED","1.00"
"pkm-ascended-heroes-217-217-109f4c6e22","Team Rocket's Energy","217/217","676029","Team Rocket's Energy","LINKED","1.00"
"pkm-ascended-heroes-218-217-30c7824bb2","Erika's Tangela","218/217","676030","Erika's Tangela - 218/217","LINKED","0.60"
"pkm-ascended-heroes-219-217-3b51c38a29","Beautifly","219/217","676031","Beautifly - 219/217","SKIPPED_LOW_NAME_SIMILARITY","0.33"
"pkm-ascended-heroes-220-217-965c389667","Dustox","220/217","676032","Dustox - 220/217","SKIPPED_LOW_NAME_SIMILARITY","0.33"
"pkm-ascended-heroes-221-217-da8f8fe973","Budew","221/217","676033","Budew - 221/217","SKIPPED_LOW_NAME_SIMILARITY","0.33"
"pkm-ascended-heroes-222-217-03f88a8f5e","Ethan's Magcargo","222/217","676034","Ethan's Magcargo - 222/217","LINKED","0.60"
"pkm-ascended-heroes-223-217-b3597d7d9d","Numel","223/217","676035","Numel - 223/217","SKIPPED_LOW_NAME_SIMILARITY","0.33"
"pkm-ascended-heroes-224-217-515bbbfd5c","Salazzle","224/217","676036","Salazzle - 224/217","SKIPPED_LOW_NAME_SIMILARITY","0.33"
"pkm-ascended-heroes-225-217-b62848d497","Scorbunny","225/217","676037","Scorbunny - 225/217","SKIPPED_LOW_NAME_SIMILARITY","0.33"
"pkm-ascended-heroes-226-217-4940dd18a2","Psyduck","226/217","676038","Psyduck - 226/217","SKIPPED_LOW_NAME_SIMILARITY","0.33"
"pkm-ascended-heroes-227-217-c3929457e1","Snorunt","227/217","676039","Snorunt - 227/217","SKIPPED_LOW_NAME_SIMILARITY","0.33"
"pkm-ascended-heroes-228-217-c9fd8da58f","Weavile","228/217","676040","Weavile - 228/217","SKIPPED_LOW_NAME_SIMILARITY","0.33"
"pkm-ascended-heroes-229-217-fcc3add093","Heliolisk","229/217","676041","Heliolisk - 229/217","SKIPPED_LOW_NAME_SIMILARITY","0.33"
"pkm-ascended-heroes-230-217-39191b384e","Vikavolt","230/217","676042","Vikavolt - 230/217","SKIPPED_LOW_NAME_SIMILARITY","0.33"
"pkm-ascended-heroes-231-217-ed4d6eb529","Iono's Wattrel","231/217","676043","Iono's Wattrel - 231/217","LINKED","0.60"
"pkm-ascended-heroes-232-217-766a9cc00e","Marill","232/217","676044","Marill - 232/217","SKIPPED_LOW_NAME_SIMILARITY","0.33"
"pkm-ascended-heroes-233-217-ab7ef45f47","Misdreavus","233/217","676045","Misdreavus - 233/217","SKIPPED_LOW_NAME_SIMILARITY","0.33"
"pkm-ascended-heroes-234-217-829d765c50","Banette","234/217","676046","Banette - 234/217","SKIPPED_LOW_NAME_SIMILARITY","0.33"
"pkm-ascended-heroes-235-217-5172b24683","Togekiss","235/217","676047","Togekiss - 235/217","SKIPPED_LOW_NAME_SIMILARITY","0.33"
"pkm-ascended-heroes-236-217-5c386d2d92","Slurpuff","236/217","676048","Slurpuff - 236/217","SKIPPED_LOW_NAME_SIMILARITY","0.33"
"pkm-ascended-heroes-237-217-81c657256f","Hop's Trevenant","237/217","676049","Hop's Trevenant - 237/217","LINKED","0.60"
"pkm-ascended-heroes-238-217-5dc0b3dc22","Team Rocket's Mimikyu","238/217","676050","Team Rocket's Mimikyu - 238/217","LINKED","0.67"
"pkm-ascended-heroes-239-217-acc350161f","Team Rocket's Dugtrio","239/217","676051","Team Rocket's Dugtrio - 239/217","LINKED","0.67"
"pkm-ascended-heroes-240-217-9fccaa29c9","Hitmontop","240/217","676052","Hitmontop - 240/217","SKIPPED_LOW_NAME_SIMILARITY","0.33"
"pkm-ascended-heroes-241-217-bfeab7eca0","Medicham","241/217","676053","Medicham - 241/217","SKIPPED_LOW_NAME_SIMILARITY","0.33"
"pkm-ascended-heroes-242-217-5b99c370d5","Carbink","242/217","676054","Carbink - 242/217","SKIPPED_LOW_NAME_SIMILARITY","0.33"
"pkm-ascended-heroes-243-217-9a029700de","Mightyena","243/217","676055","Mightyena - 243/217","SKIPPED_LOW_NAME_SIMILARITY","0.33"
"pkm-ascended-heroes-244-217-3d13468cee","Cynthia's Spiritomb","244/217","676056","Cynthia's Spiritomb - 244/217","LINKED","0.60"
"pkm-ascended-heroes-245-217-abbfe3b180","Galarian Obstagoon","245/217","676057","Galarian Obstagoon - 245/217","LINKED","0.50"
"pkm-ascended-heroes-246-217-fdf8bfea73","Mawile","246/217","676058","Mawile - 246/217","SKIPPED_LOW_NAME_SIMILARITY","0.33"
"pkm-ascended-heroes-247-217-1401e8a0b1","Dreepy","247/217","676059","Dreepy - 247/217","SKIPPED_LOW_NAME_SIMILARITY","0.33"
"pkm-ascended-heroes-248-217-1e6f811e29","Drakloak","248/217","676060","Drakloak - 248/217","SKIPPED_LOW_NAME_SIMILARITY","0.33"
"pkm-ascended-heroes-249-217-489ed60c7d","Larry's Staraptor","249/217","676061","Larry's Staraptor - 249/217","LINKED","0.60"
"pkm-ascended-heroes-250-217-3908ee1060","Fan Rotom","250/217","676062","Fan Rotom - 250/217","LINKED","0.50"
"pkm-ascended-heroes-251-217-0cda7f2984","Sprigatito ex","251/217","676063","Sprigatito ex","LINKED","1.00"
"pkm-ascended-heroes-252-217-d3e28cbc0d","Stunfisk ex","252/217","676064","Stunfisk ex - 252/217","LINKED","0.50"
"pkm-ascended-heroes-253-217-61dfa154b0","Mega Audino ex","253/217","676065","Mega Audino ex - 253/217","LINKED","0.60"
"pkm-ascended-heroes-254-217-67779aaee0","Anthea & Concordia","254/217","676066","Anthea & Concordia - 254/217","LINKED","0.50"
"pkm-ascended-heroes-255-217-3384fc1979","Black Belt's Training","255/217","676067","Black Belt's Training","LINKED","1.00"
"pkm-ascended-heroes-256-217-af64876b52","Boss's Orders","256/217","676068","Boss's Orders [Corbeau] - 256/217","LINKED","0.50"
"pkm-ascended-heroes-257-217-447390c73a","Canari","257/217","676069","Canari - 257/217","SKIPPED_LOW_NAME_SIMILARITY","0.33"
"pkm-ascended-heroes-258-217-f807773892","Cheren","258/217","676070","Cheren","LINKED","1.00"
"pkm-ascended-heroes-259-217-67c25ff930","Counter Gain","259/217","676071","Counter Gain - 259/217","LINKED","0.50"
"pkm-ascended-heroes-260-217-ff6545953e","Glass Trumpet","260/217","676072","Glass Trumpet - 260/217","LINKED","0.50"
"pkm-ascended-heroes-261-217-49641f510f","Jamming Tower","261/217","676073","Jamming Tower","LINKED","1.00"
"pkm-ascended-heroes-262-217-e3d81d858a","N's PP Up","262/217","676074","N's PP Up - 262/217","LINKED","0.67"
"pkm-ascended-heroes-263-217-50e8861917","Team Rocket's Transceiver","263/217","676075","Team Rocket's Transceiver - 263/217","LINKED","0.67"
"pkm-ascended-heroes-264-217-c6634f03a6","Ultra Ball","264/217","676076","Ultra Ball - 264/217","LINKED","0.50"
"pkm-ascended-heroes-265-217-ec728813b3","Mega Froslass ex","265/217","676077","Mega Froslass ex - 265/217","LINKED","0.60"
"pkm-ascended-heroes-266-217-e4239de80d","Mega Eelektross ex","266/217","676078","Mega Eelektross ex - 266/217","LINKED","0.60"
"pkm-ascended-heroes-267-217-569b717938","Mega Diancie ex","267/217","676079","Mega Diancie ex - 267/217","LINKED","0.60"
"pkm-ascended-heroes-268-217-99bdc43e8e","Mega Hawlucha ex","268/217","676080","Mega Hawlucha ex - 268/217","LINKED","0.60"
"pkm-ascended-heroes-269-217-3ebadc4fbb","Mega Gengar ex","269/217","676081","Mega Gengar ex - 269/217","LINKED","0.60"
"pkm-ascended-heroes-270-217-af14cdb735","Mega Scrafty ex","270/217","676082","Mega Scrafty ex - 270/217","LINKED","0.60"
"pkm-ascended-heroes-271-217-8410f9f08d","Mega Dragonite ex","271/217","676083","Mega Dragonite ex - 271/217","LINKED","0.60"
"pkm-ascended-heroes-272-217-c95c930a28","Mega Meganium ex","272/217","676084","Mega Meganium ex - 272/217","LINKED","0.60"
"pkm-ascended-heroes-273-217-46b2fbce3b","Mega Emboar ex","273/217","676085","Mega Emboar ex - 273/217","LINKED","0.60"
"pkm-ascended-heroes-274-217-ed1b586897","Mega Feraligatr ex","274/217","676086","Mega Feraligatr ex - 274/217","LINKED","0.60"
"pkm-ascended-heroes-275-217-75b7562c6c","Mega Froslass ex","275/217","676087","Mega Froslass ex - 275/217","LINKED","0.60"
"pkm-ascended-heroes-276-217-4a2a85816e","Pikachu ex","276/217","676088","Pikachu ex - 276/217","LINKED","0.50"
"pkm-ascended-heroes-277-217-43e7ff0e45","Pikachu ex","277/217","676089","Pikachu ex - 277/217","LINKED","0.50"
"pkm-ascended-heroes-278-217-5d7b297ab9","Mega Eelektross ex","278/217","676090","Mega Eelektross ex - 278/217","LINKED","0.60"
"pkm-ascended-heroes-279-217-9fd89a1ee9","Iono's Bellibolt ex","279/217","676091","Iono's Bellibolt ex - 279/217","LINKED","0.67"
"pkm-ascended-heroes-280-217-fce62cbcc3","Lillie's Clefairy ex","280/217","676092","Lillie's Clefairy ex - 280/217","LINKED","0.67"
"pkm-ascended-heroes-281-217-ecc7d69543","Team Rocket's Mewtwo ex","281/217","676093","Team Rocket's Mewtwo ex - 281/217","LINKED","0.71"
"pkm-ascended-heroes-282-217-6460e763f0","Mega Diancie ex","282/217","676094","Mega Diancie ex - 282/217","LINKED","0.60"
"pkm-ascended-heroes-283-217-53ca9617c3","Mega Hawlucha ex","283/217","676095","Mega Hawlucha ex - 283/217","LINKED","0.60"
"pkm-ascended-heroes-284-217-041eb577f6","Mega Gengar ex","284/217","676096","Mega Gengar ex - 284/217","LINKED","0.60"
"pkm-ascended-heroes-285-217-a220290b2b","Mega Scrafty ex","285/217","676097","Mega Scrafty ex - 285/217","LINKED","0.60"
"pkm-ascended-heroes-286-217-2905f7c68a","N's Zoroark ex","286/217","676098","N's Zoroark ex - 286/217","LINKED","0.67"
"pkm-ascended-heroes-287-217-5ded552b2d","Marnie's Grimmsnarl ex","287/217","676099","Marnie's Grimmsnarl ex","LINKED","1.00"
"pkm-ascended-heroes-288-217-4cb4a3f1d3","Fezandipiti ex","288/217","676100","Fezandipiti ex - 288/217","LINKED","0.50"
"pkm-ascended-heroes-289-217-21e1a701f8","Steven's Metagross ex","289/217","676101","Steven's Metagross ex","LINKED","1.00"
"pkm-ascended-heroes-290-217-1c1c1f5ce1","Mega Dragonite ex","290/217","676102","Mega Dragonite ex - 290/217","LINKED","0.60"
"pkm-ascended-heroes-291-217-0a09d0dd41","Canari","291/217","676103","Canari - 291/217","SKIPPED_LOW_NAME_SIMILARITY","0.33"
"pkm-ascended-heroes-292-217-d7f0ae5a7d","Iris's Fighting Spirit","292/217","","","NO_CANDIDATES",""
"pkm-ascended-heroes-293-217-eb7a419924","Surfer","293/217","676105","Surfer - 293/217","SKIPPED_LOW_NAME_SIMILARITY","0.33"
"pkm-ascended-heroes-294-217-3f49b2d1bf","Mega Charizard Y ex","294/217","676106","Mega Charizard Y ex - 294/217","LINKED","0.67"
"pkm-ascended-heroes-295-217-3d9f24420a","Mega Dragonite ex","295/217","676107","Mega Dragonite ex - 295/217","LINKED","0.60"