row_number,item_id,title,sku,match_method,match_confidence,current_price,market_price,market_source,market_confidence,reference_only,accepted_comps,rejected_comps,recommended_price,difference,percent_change,recommendation,changed,review_required,reason,pricing_reason,provider
382,147391517839,Kyogre 003/025 NM Celebrations,06.17.26.1-004,sku,high,1.09,1.36,carduploader_ebay_sold_comps,70,FALSE,149,51,1.36,0.27,24.77,Increase,TRUE,FALSE,"Market $1.36; buyer pays shipping, no shipping adjustment; configurable strategy target $1.36.","Market $1.36; buyer pays shipping, no shipping adjustment; configurable strategy target $1.36.",CardUploader eBay Sales
384,147391517951,Groudon 017/025 NM Celebrations,06.17.26.1-011,sku,high,0.99,1.24,carduploader_ebay_sold_comps,70,FALSE,160,40,1.24,0.25,25.25,Increase,TRUE,FALSE,"Market $1.24; buyer pays shipping, no shipping adjustment; configurable strategy target $1.24.","Market $1.24; buyer pays shipping, no shipping adjustment; configurable strategy target $1.24.",CardUploader eBay Sales
390,147391517980,Lunala 015/025 NM Celebrations,06.17.26.1-012,sku,high,1.09,1.49,carduploader_ebay_sold_comps,88,FALSE,182,18,1.49,0.40,36.70,Increase,TRUE,FALSE,"Market $1.49; buyer pays shipping, no shipping adjustment; configurable strategy target $1.49.","Market $1.49; buyer pays shipping, no shipping adjustment; configurable strategy target $1.49.",CardUploader eBay Sales
391,147391517988,Cosmog 013/025 NM Celebrations,06.17.26.1-001,sku,high,1.09,1.49,carduploader_ebay_sold_comps,80,FALSE,159,41,1.49,0.40,36.70,Increase,TRUE,FALSE,"Market $1.49; buyer pays shipping, no shipping adjustment; configurable strategy target $1.49.","Market $1.49; buyer pays shipping, no shipping adjustment; configurable strategy target $1.49.",CardUploader eBay Sales
393,147391517998,Palkia 004/025 NM Celebrations,06.17.26.1-003,sku,high,1.09,1.35,carduploader_ebay_sold_comps,71,FALSE,150,50,1.35,0.26,23.85,Increase,TRUE,FALSE,"Market $1.35; buyer pays shipping, no shipping adjustment; configurable strategy target $1.35.","Market $1.35; buyer pays shipping, no shipping adjustment; configurable strategy target $1.35.",CardUploader eBay Sales
457,147393734073,Togedemaru 74/236 Common Cosmic Eclipse Pokemon Reverse Holo Near Mint,CS-2XF89T,sku,high,1.49,1.99,carduploader_inventory_price,medium,FALSE,,,1.99,0.50,33.56,Increase,TRUE,FALSE,"Market $1.99; buyer pays shipping, no shipping adjustment; configurable strategy target $1.99.","Market $1.99; buyer pays shipping, no shipping adjustment; configurable strategy target $1.99.",CardUploader
458,147393734075,Ambipom 170/236 Uncommon Cosmic Eclipse Pokemon Reverse Holo Near Mint,CS-ACAACB,sku,high,2.49,2.99,carduploader_inventory_price,medium,FALSE,,,2.99,0.50,20.08,Increase,TRUE,FALSE,"Market $2.99; buyer pays shipping, no shipping adjustment; configurable strategy target $2.99.","Market $2.99; buyer pays shipping, no shipping adjustment; configurable strategy target $2.99.",CardUploader
460,147393734079,Amoonguss 14/236 Rare Unified Minds Pokemon Reverse Holo Near Mint,CS-CPRU9J,sku,high,1.49,1.99,carduploader_inventory_price,medium,FALSE,,,1.99,0.50,33.56,Increase,TRUE,FALSE,"Market $1.99; buyer pays shipping, no shipping adjustment; configurable strategy target $1.99.","Market $1.99; buyer pays shipping, no shipping adjustment; configurable strategy target $1.99.",CardUploader
461,147393734080,Xerneas 078/185 Holo Rare Vivid Voltage Pokemon Holo Near Mint,CS-4MDWPJ,sku,high,1.49,1.99,carduploader_inventory_price,medium,FALSE,,,1.99,0.50,33.56,Increase,TRUE,FALSE,"Market $1.99; buyer pays shipping, no shipping adjustment; configurable strategy target $1.99.","Market $1.99; buyer pays shipping, no shipping adjustment; configurable strategy target $1.99.",CardUploader
462,147393734082,Staryu 13/68 Common Hidden Fates Pokemon Reverse Holo Near Mint,CS-ER2MMT,sku,high,1.49,1.99,carduploader_inventory_price,medium,FALSE,,,1.99,0.50,33.56,Increase,TRUE,FALSE,"Market $1.99; buyer pays shipping, no shipping adjustment; configurable strategy target $1.99.","Market $1.99; buyer pays shipping, no shipping adjustment; configurable strategy target $1.99.",CardUploader
463,147393734083,Voltorb 21/68 Common Hidden Fates Pokemon Reverse Holo Near Mint,CS-4HUCCR,sku,high,1.49,1.99,carduploader_inventory_price,medium,FALSE,,,1.99,0.50,33.56,Increase,TRUE,FALSE,"Market $1.99; buyer pays shipping, no shipping adjustment; configurable strategy target $1.99.","Market $1.99; buyer pays shipping, no shipping adjustment; configurable strategy target $1.99.",CardUploader
471,147395242788,Zekrom ex 034/086 Holo Double Rare Black Bolt Pokemon Holo Near Mint,CS-P9SZ8G,sku,high,1.49,1.99,carduploader_inventory_price,medium,FALSE,,,1.99,0.50,33.56,Increase,TRUE,FALSE,"Market $1.99; buyer pays shipping, no shipping adjustment; configurable strategy target $1.99.","Market $1.99; buyer pays shipping, no shipping adjustment; configurable strategy target $1.99.",CardUploader
473,147395242796,Erika's Vileplume ex 003/217 Double Rare Ascended Heroes Pokemon Holo Near Mint,CS-JV59HJ,sku,high,1.49,1.99,carduploader_inventory_price,medium,FALSE,,,1.99,0.50,33.56,Increase,TRUE,FALSE,"Market $1.99; buyer pays shipping, no shipping adjustment; configurable strategy target $1.99.","Market $1.99; buyer pays shipping, no shipping adjustment; configurable strategy target $1.99.",CardUploader
474,147395242799,Venusaur ex 003/165 Double Rare 151 Pokemon Holo Near Mint,CS-V8DY6A,sku,high,1.49,1.99,carduploader_inventory_price,medium,FALSE,,,1.99,0.50,33.56,Increase,TRUE,FALSE,"Market $1.99; buyer pays shipping, no shipping adjustment; configurable strategy target $1.99.","Market $1.99; buyer pays shipping, no shipping adjustment; configurable strategy target $1.99.",CardUploader
560,147395286165,Surgeon ~General~ Commander 072/096 The List Reprints MTG Foil NM,CS-8524U5,sku,high,1.49,1.74,carduploader_inventory_price,high,FALSE,,,1.74,0.25,16.78,Increase,TRUE,FALSE,"Market $1.74; buyer pays shipping, no shipping adjustment; configurable strategy target $1.74.","Market $1.74; buyer pays shipping, no shipping adjustment; configurable strategy target $1.74.",CardUploader
561,147395286166,"Kairi, the Swirling Sky 60 Mythic Prerelease Cards Magic: The Gathering Foil NM",CS-C59ZD8,sku,high,2.49,2.24,carduploader_inventory_price,high,FALSE,,,2.24,-0.25,-10.04,Decrease,TRUE,FALSE,"Market $2.24; buyer pays shipping, no shipping adjustment; configurable strategy target $2.24.","Market $2.24; buyer pays shipping, no shipping adjustment; configurable strategy target $2.24.",CardUploader
562,147395286167,Revitalize (Foil Etched) 9 Strixhaven: Mystical Archives MTG Foil NM,CS-BAEW3B,sku,high,1.49,1.74,carduploader_inventory_price,high,FALSE,,,1.74,0.25,16.78,Increase,TRUE,FALSE,"Market $1.74; buyer pays shipping, no shipping adjustment; configurable strategy target $1.74.","Market $1.74; buyer pays shipping, no shipping adjustment; configurable strategy target $1.74.",CardUploader
563,147395286168,Divine Gambit (Foil Etched) 4 Strixhaven: Mystical Archives MTG Foil NM,CS-GRDGQC,sku,high,1.49,1.74,carduploader_inventory_price,high,FALSE,,,1.74,0.25,16.78,Increase,TRUE,FALSE,"Market $1.74; buyer pays shipping, no shipping adjustment; configurable strategy target $1.74.","Market $1.74; buyer pays shipping, no shipping adjustment; configurable strategy target $1.74.",CardUploader
564,147395286170,Kindslaver 150/216 Rare The List Reprints Magic: The Gathering Foil Near Mint,CS-RKD6N5,sku,high,1.49,1.74,carduploader_inventory_price,high,FALSE,,,1.74,0.25,16.78,Increase,TRUE,FALSE,"Market $1.74; buyer pays shipping, no shipping adjustment; configurable strategy target $1.74.","Market $1.74; buyer pays shipping, no shipping adjustment; configurable strategy target $1.74.",CardUploader
565,147395286171,Compulsive Research (Foil Etched) 14 Strixhaven: Mystical Archives MTG Foil NM,CS-B8GB2N,sku,high,1.49,1.74,carduploader_inventory_price,high,FALSE,,,1.74,0.25,16.78,Increase,TRUE,FALSE,"Market $1.74; buyer pays shipping, no shipping adjustment; configurable strategy target $1.74.","Market $1.74; buyer pays shipping, no shipping adjustment; configurable strategy target $1.74.",CardUploader
566,147395286172,Claim the Firstborn (Foil Etched) 37 Strixhaven: Mystical Archives MTG Foil NM,CS-489U88,sku,high,1.49,1.74,carduploader_inventory_price,high,FALSE,,,1.74,0.25,16.78,Increase,TRUE,FALSE,"Market $1.74; buyer pays shipping, no shipping adjustment; configurable strategy target $1.74.","Market $1.74; buyer pays shipping, no shipping adjustment; configurable strategy target $1.74.",CardUploader
567,147395286173,Oddly Uneven 15 Rare Unstable Magic: The Gathering Foil Near Mint,CS-PZ4N9K,sku,high,1.49,1.99,carduploader_inventory_price,medium,FALSE,,,1.99,0.50,33.56,Increase,TRUE,FALSE,"Market $1.99; buyer pays shipping, no shipping adjustment; configurable strategy target $1.99.","Market $1.99; buyer pays shipping, no shipping adjustment; configurable strategy target $1.99.",CardUploader
568,147395286174,Adult Gold Dragon (Borderless) 297 Adventures in the Forgotten Realms MTG NM,CS-X3CUGF,sku,high,1.49,1.74,carduploader_inventory_price,high,FALSE,,,1.74,0.25,16.78,Increase,TRUE,FALSE,"Market $1.74; buyer pays shipping, no shipping adjustment; configurable strategy target $1.74.","Market $1.74; buyer pays shipping, no shipping adjustment; configurable strategy target $1.74.",CardUploader
569,147395286175,Infuriate (Foil Etched) 41 Strixhaven: Mystical Archives MTG Foil NM,CS-NRSPKB,sku,high,1.49,1.74,carduploader_inventory_price,high,FALSE,,,1.74,0.25,16.78,Increase,TRUE,FALSE,"Market $1.74; buyer pays shipping, no shipping adjustment; configurable strategy target $1.74.","Market $1.74; buyer pays shipping, no shipping adjustment; configurable strategy target $1.74.",CardUploader
570,147395286176,Eastern Paladin 132 Rare 7th Edition Magic: The Gathering Near Mint,CS-RDCEUC,sku,high,1.49,1.74,carduploader_inventory_price,high,FALSE,,,1.74,0.25,16.78,Increase,TRUE,FALSE,"Market $1.74; buyer pays shipping, no shipping adjustment; configurable strategy target $1.74.","Market $1.74; buyer pays shipping, no shipping adjustment; configurable strategy target $1.74.",CardUploader
571,147395286177,Channel (Foil Etched) 50 Strixhaven: Mystical Archives MTG Foil NM,CS-3BS7DJ,sku,high,1.49,1.74,carduploader_inventory_price,high,FALSE,,,1.74,0.25,16.78,Increase,TRUE,FALSE,"Market $1.74; buyer pays shipping, no shipping adjustment; configurable strategy target $1.74.","Market $1.74; buyer pays shipping, no shipping adjustment; configurable strategy target $1.74.",CardUploader
572,147395286178,Timeless Dragon (Extended Art) 445 Modern Horizons 2 MTG NM,CS-3RYMCJ,sku,high,1.49,1.74,carduploader_inventory_price,high,FALSE,,,1.74,0.25,16.78,Increase,TRUE,FALSE,"Market $1.74; buyer pays shipping, no shipping adjustment; configurable strategy target $1.74.","Market $1.74; buyer pays shipping, no shipping adjustment; configurable strategy target $1.74.",CardUploader
573,147395286179,Modular Monstrosity 155/216 Rare The List Reprints Magic: The Gathering Foil NM,CS-2JDAHT,sku,high,1.49,1.74,carduploader_inventory_price,high,FALSE,,,1.74,0.25,16.78,Increase,TRUE,FALSE,"Market $1.74; buyer pays shipping, no shipping adjustment; configurable strategy target $1.74.","Market $1.74; buyer pays shipping, no shipping adjustment; configurable strategy target $1.74.",CardUploader
574,147395286180,Dr. Julius Jumblemorph 130 Mythic Unstable Magic: The Gathering Foil Near Mint,CS-WQDWCM,sku,high,1.49,1.99,carduploader_inventory_price,medium,FALSE,,,1.99,0.50,33.56,Increase,TRUE,FALSE,"Market $1.99; buyer pays shipping, no shipping adjustment; configurable strategy target $1.99.","Market $1.99; buyer pays shipping, no shipping adjustment; configurable strategy target $1.99.",CardUploader
575,147395286181,Better Than One 128 Rare Unstable Magic: The Gathering Foil Near Mint,CS-WUVUQM,sku,high,1.49,1.99,carduploader_inventory_price,medium,FALSE,,,1.99,0.50,33.56,Increase,TRUE,FALSE,"Market $1.99; buyer pays shipping, no shipping adjustment; configurable strategy target $1.99.","Market $1.99; buyer pays shipping, no shipping adjustment; configurable strategy target $1.99.",CardUploader
576,147395286182,Intrepid Hero 26 Rare 8th Edition Magic: The Gathering Near Mint,CS-44QN5A,sku,high,1.49,1.74,carduploader_inventory_price,high,FALSE,,,1.74,0.25,16.78,Increase,TRUE,FALSE,"Market $1.74; buyer pays shipping, no shipping adjustment; configurable strategy target $1.74.","Market $1.74; buyer pays shipping, no shipping adjustment; configurable strategy target $1.74.",CardUploader
578,147395286184,Hot Fix 133 Rare Unstable Magic: The Gathering Foil Near Mint,CS-UDS2HH,sku,high,1.49,1.99,carduploader_inventory_price,medium,FALSE,,,1.99,0.50,33.56,Increase,TRUE,FALSE,"Market $1.99; buyer pays shipping, no shipping adjustment; configurable strategy target $1.99.","Market $1.99; buyer pays shipping, no shipping adjustment; configurable strategy target $1.99.",CardUploader
579,147395286185,Strategic Planning (Foil Etched) 20 Strixhaven: Mystical Archives MTG Foil NM,CS-BZSA9R,sku,high,1.49,1.74,carduploader_inventory_price,high,FALSE,,,1.74,0.25,16.78,Increase,TRUE,FALSE,"Market $1.74; buyer pays shipping, no shipping adjustment; configurable strategy target $1.74.","Market $1.74; buyer pays shipping, no shipping adjustment; configurable strategy target $1.74.",CardUploader
580,147395286186,Jhoira of the Ghitu 1 Duel Decks: Mind vs. Might Magic: The Gathering Foil NM,CS-MF7HUV,sku,high,1.49,1.74,carduploader_inventory_price,high,FALSE,,,1.74,0.25,16.78,Increase,TRUE,FALSE,"Market $1.74; buyer pays shipping, no shipping adjustment; configurable strategy target $1.74.","Market $1.74; buyer pays shipping, no shipping adjustment; configurable strategy target $1.74.",CardUploader
581,147395286187,Nahiri's Warcrafting (Extended Art) 365 March of the Machine MTG Foil NM,CS-Z8QJHN,sku,high,1.49,1.99,carduploader_inventory_price,medium,FALSE,,,1.99,0.50,33.56,Increase,TRUE,FALSE,"Market $1.99; buyer pays shipping, no shipping adjustment; configurable strategy target $1.99.","Market $1.99; buyer pays shipping, no shipping adjustment; configurable strategy target $1.99.",CardUploader
582,147395286188,Magnivore 202 Rare 9th Edition Magic: The Gathering Near Mint,CS-2U3CXF,sku,high,1.49,1.74,carduploader_inventory_price,high,FALSE,,,1.74,0.25,16.78,Increase,TRUE,FALSE,"Market $1.74; buyer pays shipping, no shipping adjustment; configurable strategy target $1.74.","Market $1.74; buyer pays shipping, no shipping adjustment; configurable strategy target $1.74.",CardUploader
583,147395286189,Mascot Exhibition (Extended Art) 285 Strixhaven: School of Mages MTG Foil NM,CS-TJTGXB,sku,high,1.49,1.99,carduploader_inventory_price,medium,FALSE,,,1.99,0.50,33.56,Increase,TRUE,FALSE,"Market $1.99; buyer pays shipping, no shipping adjustment; configurable strategy target $1.99.","Market $1.99; buyer pays shipping, no shipping adjustment; configurable strategy target $1.99.",CardUploader
584,147395286190,As Luck Would Have It 102/216 The List Reprints Magic: The Gathering Foil NM,CS-Z5E5SR,sku,high,1.49,1.74,carduploader_inventory_price,high,FALSE,,,1.74,0.25,16.78,Increase,TRUE,FALSE,"Market $1.74; buyer pays shipping, no shipping adjustment; configurable strategy target $1.74.","Market $1.74; buyer pays shipping, no shipping adjustment; configurable strategy target $1.74.",CardUploader
689,147405070252,USOPP OP15-024 ADVENTURE ON KAMI'S ISLAND FOIL RARE NM,ETB-05-B,sku,high,1.49,1.99,carduploader_inventory_price,high,FALSE,,,1.99,0.50,33.56,Increase,TRUE,FALSE,"Market $1.99; buyer pays shipping, no shipping adjustment; configurable strategy target $1.99.","Market $1.99; buyer pays shipping, no shipping adjustment; configurable strategy target $1.99.",CardUploader
690,147405070258,MONKEY.D.LUFFY OP15-092 ADVENTURE ON KAMI'S ISLAND FOIL RARE NM,ETB-05-B,sku,high,1.49,1.99,carduploader_inventory_price,high,FALSE,,,1.99,0.50,33.56,Increase,TRUE,FALSE,"Market $1.99; buyer pays shipping, no shipping adjustment; configurable strategy target $1.99.","Market $1.99; buyer pays shipping, no shipping adjustment; configurable strategy target $1.99.",CardUploader
692,147405070260,MONKEY.D.LUFFY OP15-092 ADVENTURE ON KAMI'S ISLAND FOIL RARE NM,ETB-05-B,sku,high,1.49,1.99,carduploader_inventory_price,high,FALSE,,,1.99,0.50,33.56,Increase,TRUE,FALSE,"Market $1.99; buyer pays shipping, no shipping adjustment; configurable strategy target $1.99.","Market $1.99; buyer pays shipping, no shipping adjustment; configurable strategy target $1.99.",CardUploader
694,147405070271,"DON!! CARD ""RING THAT GOLDEN BELL!!"""" ADVENTURE ON KAMI'S ISLAND FOIL NM""",ETB-05-B,sku,high,1.49,1.99,carduploader_inventory_price,medium,FALSE,,,1.99,0.50,33.56,Increase,TRUE,FALSE,"Market $1.99; buyer pays shipping, no shipping adjustment; configurable strategy target $1.99.","Market $1.99; buyer pays shipping, no shipping adjustment; configurable strategy target $1.99.",CardUploader
695,147405070274,USOPP OP15-024 ADVENTURE ON KAMI'S ISLAND FOIL RARE NM,ETB-05-B,sku,high,1.49,1.99,carduploader_inventory_price,high,FALSE,,,1.99,0.50,33.56,Increase,TRUE,FALSE,"Market $1.99; buyer pays shipping, no shipping adjustment; configurable strategy target $1.99.","Market $1.99; buyer pays shipping, no shipping adjustment; configurable strategy target $1.99.",CardUploader
