item_id,title,current_sku,proposed_sku,reason,action,manual_review,duplicate_item_id
147335404037,Dredger's Insight DFT U Magic: The Gathering NM,05.27.26-004,,possible_card_specific_identifier_manual_review,manual_review,True,False
147335455816,Lunarch Mantle - Magic The Gathering - Innistrad Remastered- Foil - Common,MTG-01,,possible_card_specific_identifier_manual_review,manual_review,True,False
147336997242,Fire Magic FIN U NM,05.28.26.1-006,,possible_card_specific_identifier_manual_review,manual_review,True,False
147336997258,Sleep Magic FIN U NM,05.28.26.1-042,,possible_card_specific_identifier_manual_review,manual_review,True,False
147342130583,MTG The Last Ride (Borderless) Aetherdrift Regular,,ETB-04-A,missing_sku,repair,False,False
147342131083,MTG Spotcycle Scouter [DFT] FOIL #297,,ETB-04-A,missing_sku,repair,False,False
147345948613,"NM Borderless Hulldrifter, MTG, Aetherdrift, Magic the Gathering, 300",,ETB-04-A,missing_sku,repair,False,False
147386781802,MTG Aetherdrift Dual Lands Lot - Foil,,ETB-04-A,missing_sku,repair,False,False
147386788533,MTG Final Fantasy Basic Lands Lot - Foil (17 Qty),,ETB-04-A,missing_sku,repair,False,False
147395285960,Clamorous Ironclad (Borderless) 312 Common Aetherdrift Magic: The Gathering NM,CS-9T5WEH,,possible_card_specific_identifier_manual_review,manual_review,True,False
147395285961,Mouser Attack! 0095 Common Teenage Mutant Ninja Turtles Magic: The Gathering NM,CS-M5PXWD,,possible_card_specific_identifier_manual_review,manual_review,True,False
147395285962,Turtle Blimp 0180 Uncommon Teenage Mutant Ninja Turtles Magic: The Gathering NM,CS-ZFVWQJ,,possible_card_specific_identifier_manual_review,manual_review,True,False
147395285963,Cowabunga! 0113 Mythic Teenage Mutant Ninja Turtles Magic: The Gathering NM,CS-NEM8GF,,possible_card_specific_identifier_manual_review,manual_review,True,False
147395285964,Hamato Guardian Stance 0008 Teenage Mutant Ninja Turtles Magic: The Gathering NM,CS-RYQYKF,,possible_card_specific_identifier_manual_review,manual_review,True,False
147395285965,Anchovy & Banana Pizza 0057 Teenage Mutant Ninja Turtles Magic: The Gathering NM,CS-UNDTSD,,possible_card_specific_identifier_manual_review,manual_review,True,False
147395285966,Crustacean Commando 0033 Teenage Mutant Ninja Turtles Magic: The Gathering NM,CS-EFQBCK,,possible_card_specific_identifier_manual_review,manual_review,True,False
147395285967,High-Flying Ace 0009 Common Teenage Mutant Ninja Turtles Magic: The Gathering NM,CS-YD3ZYW,,possible_card_specific_identifier_manual_review,manual_review,True,False
147395285968,Insectoid Exterminator 0064 Teenage Mutant Ninja Turtles Magic: The Gathering NM,CS-FMAJNQ,,possible_card_specific_identifier_manual_review,manual_review,True,False
147395285969,Primordial Pachyderm 0129 Teenage Mutant Ninja Turtles Magic: The Gathering NM,CS-FYCH7N,,possible_card_specific_identifier_manual_review,manual_review,True,False
147395285970,Mechanized Ninja Cavalry 0156 Teenage Mutant Ninja Turtles MTG NM,CS-Z5G7PS,,possible_card_specific_identifier_manual_review,manual_review,True,False
147395285971,Omni-Cheese Pizza 0176 Teenage Mutant Ninja Turtles Magic: The Gathering NM,CS-SXZ89V,,possible_card_specific_identifier_manual_review,manual_review,True,False
147395285973,Purple Dragon Punks 0100 Teenage Mutant Ninja Turtles Magic: The Gathering NM,CS-U8757M,,possible_card_specific_identifier_manual_review,manual_review,True,False
147395285974,Utrom Scientists 0056 Teenage Mutant Ninja Turtles Magic: The Gathering NM,CS-Q9G353,,possible_card_specific_identifier_manual_review,manual_review,True,False
147395285975,"Donatello, Turtle Techie 0037 Teenage Mutant Ninja Turtles MTG NM",CS-9XXSQK,,possible_card_specific_identifier_manual_review,manual_review,True,False
147395285976,Ragamuffin Raptor 0130 Teenage Mutant Ninja Turtles Magic: The Gathering NM,CS-FM4D7T,,possible_card_specific_identifier_manual_review,manual_review,True,False
147395285978,Stomped by the Foot 0082 Teenage Mutant Ninja Turtles Magic: The Gathering NM,CS-QYD3CN,,possible_card_specific_identifier_manual_review,manual_review,True,False
147395285979,Foot Mystic 0063 Common Teenage Mutant Ninja Turtles Magic: The Gathering NM,CS-9Z729D,,possible_card_specific_identifier_manual_review,manual_review,True,False
147395285981,Mind Transfer Protocol 0045 Teenage Mutant Ninja Turtles Magic: The Gathering NM,CS-ZSQ67Y,,possible_card_specific_identifier_manual_review,manual_review,True,False
147395285982,Negate 0047 Common Teenage Mutant Ninja Turtles Magic: The Gathering Near Mint,CS-JPUNTG,,possible_card_specific_identifier_manual_review,manual_review,True,False
147395285983,High-Flying Ace 0009 Common Teenage Mutant Ninja Turtles Magic: The Gathering NM,CS-YD3ZYW,,possible_card_specific_identifier_manual_review,manual_review,True,False
147395285984,EPF Point Squad 0145 Common Teenage Mutant Ninja Turtles Magic: The Gathering NM,CS-AYYWNY,,possible_card_specific_identifier_manual_review,manual_review,True,False
147395285985,Zoo Escapees 0138 Common Teenage Mutant Ninja Turtles Magic: The Gathering NM,CS-3RXC2B,,possible_card_specific_identifier_manual_review,manual_review,True,False
147395285986,Prishe's Wanderings 193 Common FINAL FANTASY Magic: The Gathering Near Mint,CS-H554US,,possible_card_specific_identifier_manual_review,manual_review,True,False
147395285987,Qiqirn Merchant 65 Common FINAL FANTASY Magic: The Gathering Near Mint,CS-TAFFBR,,possible_card_specific_identifier_manual_review,manual_review,True,False
147395285989,Slash of Light 32 Common FINAL FANTASY Magic: The Gathering Near Mint,CS-45MECD,,possible_card_specific_identifier_manual_review,manual_review,True,False
147395285991,Summon: Fat Chocobo 202 Common FINAL FANTASY Magic: The Gathering Near Mint,CS-X8PSNP,,possible_card_specific_identifier_manual_review,manual_review,True,False
147395285992,Shinra Reinforcements 118 Common FINAL FANTASY Magic: The Gathering Near Mint,CS-22YCFC,,possible_card_specific_identifier_manual_review,manual_review,True,False
147395285994,Qutrub Forayer 112 Common FINAL FANTASY Magic: The Gathering Near Mint,CS-M6BU7W,,possible_card_specific_identifier_manual_review,manual_review,True,False
147395285995,Call the Mountain Chocobo 131 Common FINAL FANTASY Magic: The Gathering NM,CS-6D3WY7,,possible_card_specific_identifier_manual_review,manual_review,True,False
147395285996,Foot Ninjas 0147 Common Teenage Mutant Ninja Turtles Magic: The Gathering NM,CS-QCMSMJ,,possible_card_specific_identifier_manual_review,manual_review,True,False
147395285997,Coeurl 12 Common FINAL FANTASY Magic: The Gathering Near Mint,CS-KVHZJZ,,possible_card_specific_identifier_manual_review,manual_review,True,False
147395285999,Commune with Beavers 182 Common FINAL FANTASY Magic: The Gathering Near Mint,CS-CKJ84D,,possible_card_specific_identifier_manual_review,manual_review,True,False
147395286000,Hill Gigas 141 Common FINAL FANTASY Magic: The Gathering Near Mint,CS-M9R2X5,,possible_card_specific_identifier_manual_review,manual_review,True,False
147395286002,Ice Flan 55 Common FINAL FANTASY Magic: The Gathering Near Mint,CS-KSGNM7,,possible_card_specific_identifier_manual_review,manual_review,True,False
147395286003,Adventurer's Airship 252 Common FINAL FANTASY Magic: The Gathering Near Mint,CS-NXTUU9,,possible_card_specific_identifier_manual_review,manual_review,True,False
147395286004,Gran Pulse Ochu 189 Common FINAL FANTASY Magic: The Gathering Near Mint,CS-59KRPW,,possible_card_specific_identifier_manual_review,manual_review,True,False
147395286005,Summon: Choco/Mog 35 Common FINAL FANTASY Magic: The Gathering Near Mint,CS-R5945G,,possible_card_specific_identifier_manual_review,manual_review,True,False
147395286006,Item Shopkeep 142 Common FINAL FANTASY Magic: The Gathering Near Mint,CS-ZTETTR,,possible_card_specific_identifier_manual_review,manual_review,True,False
147395286007,Malboro 106 Common FINAL FANTASY Magic: The Gathering Near Mint,CS-9TE6TP,,possible_card_specific_identifier_manual_review,manual_review,True,False
147395286008,Bard's Bow 174 Common FINAL FANTASY Magic: The Gathering Near Mint,CS-WJDNSS,,possible_card_specific_identifier_manual_review,manual_review,True,False
147395286009,Rook Turret 69 Common FINAL FANTASY Magic: The Gathering Near Mint,CS-MFGYE8,,possible_card_specific_identifier_manual_review,manual_review,True,False
147395286010,Coeurl 12 Common FINAL FANTASY Magic: The Gathering Near Mint,CS-KVHZJZ,,possible_card_specific_identifier_manual_review,manual_review,True,False
147395286011,Monk's Fist 265 Common FINAL FANTASY Magic: The Gathering Near Mint,CS-G689BA,,possible_card_specific_identifier_manual_review,manual_review,True,False
147395286012,Sahagin 71 Common FINAL FANTASY Magic: The Gathering Near Mint,CS-R2WT4E,,possible_card_specific_identifier_manual_review,manual_review,True,False
147395286013,Qutrub Forayer 112 Common FINAL FANTASY Magic: The Gathering Near Mint,CS-M6BU7W,,possible_card_specific_identifier_manual_review,manual_review,True,False
147395286014,Call the Mountain Chocobo 131 Common FINAL FANTASY Magic: The Gathering NM,CS-6D3WY7,,possible_card_specific_identifier_manual_review,manual_review,True,False
147395286015,Ice Flan 55 Common FINAL FANTASY Magic: The Gathering Near Mint,CS-KSGNM7,,possible_card_specific_identifier_manual_review,manual_review,True,False
147395286016,Commune with Beavers 182 Common FINAL FANTASY Magic: The Gathering Near Mint,CS-CKJ84D,,possible_card_specific_identifier_manual_review,manual_review,True,False
147395286017,Summon: Choco/Mog 35 Common FINAL FANTASY Magic: The Gathering Near Mint,CS-R5945G,,possible_card_specific_identifier_manual_review,manual_review,True,False
147395286018,White Auracite 41 Common FINAL FANTASY Magic: The Gathering Near Mint,CS-MK44GQ,,possible_card_specific_identifier_manual_review,manual_review,True,False
147395286020,Qutrub Forayer 112 Common FINAL FANTASY Magic: The Gathering Near Mint,CS-M6BU7W,,possible_card_specific_identifier_manual_review,manual_review,True,False
147395286021,Item Shopkeep 142 Common FINAL FANTASY Magic: The Gathering Near Mint,CS-ZTETTR,,possible_card_specific_identifier_manual_review,manual_review,True,False
147395286022,Call the Mountain Chocobo 131 Common FINAL FANTASY Magic: The Gathering NM,CS-6D3WY7,,possible_card_specific_identifier_manual_review,manual_review,True,False
147395286023,Goobbue Gardener 188 Common FINAL FANTASY Magic: The Gathering Near Mint,CS-4JKD9B,,possible_card_specific_identifier_manual_review,manual_review,True,False
147395286024,Adventurer's Airship 252 Common FINAL FANTASY Magic: The Gathering Near Mint,CS-NXTUU9,,possible_card_specific_identifier_manual_review,manual_review,True,False
147395286025,Loporrit Scout 192 Common FINAL FANTASY Magic: The Gathering Near Mint,CS-BSPVSG,,possible_card_specific_identifier_manual_review,manual_review,True,False
147395286026,Aerith Rescue Mission 5 Common FINAL FANTASY Magic: The Gathering Near Mint,CS-3JVVKX,,possible_card_specific_identifier_manual_review,manual_review,True,False
147395286027,Light of Judgment 144 Common FINAL FANTASY Magic: The Gathering Near Mint,CS-4U6ZS3,,possible_card_specific_identifier_manual_review,manual_review,True,False
147395286029,Stuck in Summoner's Sanctum 76 Common FINAL FANTASY Magic: The Gathering NM,CS-DN5CU8,,possible_card_specific_identifier_manual_review,manual_review,True,False
147395286030,Sephiroth's Intervention 116 Common FINAL FANTASY Magic: The Gathering Near Mint,CS-TETYXD,,possible_card_specific_identifier_manual_review,manual_review,True,False
147395286031,Gigantoad 187 Common FINAL FANTASY Magic: The Gathering Near Mint,CS-YRQJ39,,possible_card_specific_identifier_manual_review,manual_review,True,False
147395286032,You're Not Alone 44 Common FINAL FANTASY Magic: The Gathering Near Mint,CS-VHZD7S,,possible_card_specific_identifier_manual_review,manual_review,True,False
147395286033,Magic Pot 263 Common FINAL FANTASY Magic: The Gathering Near Mint,CS-D342SJ,,possible_card_specific_identifier_manual_review,manual_review,True,False
147395286034,Gigantoad 187 Common FINAL FANTASY Magic: The Gathering Near Mint,CS-YRQJ39,,possible_card_specific_identifier_manual_review,manual_review,True,False
147395286035,Sephiroth's Intervention 116 Common FINAL FANTASY Magic: The Gathering Near Mint,CS-TETYXD,,possible_card_specific_identifier_manual_review,manual_review,True,False
147395286036,Stuck in Summoner's Sanctum 76 Common FINAL FANTASY Magic: The Gathering NM,CS-DN5CU8,,possible_card_specific_identifier_manual_review,manual_review,True,False
147395286037,You're Not Alone 44 Common FINAL FANTASY Magic: The Gathering Near Mint,CS-VHZD7S,,possible_card_specific_identifier_manual_review,manual_review,True,False
147395286038,Blazing Bomb 130 Common FINAL FANTASY Magic: The Gathering Near Mint,CS-4XRMDS,,possible_card_specific_identifier_manual_review,manual_review,True,False
147395286039,Fight On! 100 Common FINAL FANTASY Magic: The Gathering Near Mint,CS-T5ZHEA,,possible_card_specific_identifier_manual_review,manual_review,True,False
147395286040,World Map 270 Common FINAL FANTASY Magic: The Gathering Near Mint,CS-5FSNDD,,possible_card_specific_identifier_manual_review,manual_review,True,False
147395286041,Light of Judgment 144 Common FINAL FANTASY Magic: The Gathering Near Mint,CS-4U6ZS3,,possible_card_specific_identifier_manual_review,manual_review,True,False
147395286042,Sephiroth's Intervention 116 Common FINAL FANTASY Magic: The Gathering Near Mint,CS-TETYXD,,possible_card_specific_identifier_manual_review,manual_review,True,False
147395286043,Gigantoad 187 Common FINAL FANTASY Magic: The Gathering Near Mint,CS-YRQJ39,,possible_card_specific_identifier_manual_review,manual_review,True,False
147395286044,Rook Turret 69 Common FINAL FANTASY Magic: The Gathering Near Mint,CS-MFGYE8,,possible_card_specific_identifier_manual_review,manual_review,True,False
147395286045,Aerith Rescue Mission 5 Common FINAL FANTASY Magic: The Gathering Near Mint,CS-3JVVKX,,possible_card_specific_identifier_manual_review,manual_review,True,False
147395286046,Loporrit Scout 192 Common FINAL FANTASY Magic: The Gathering Near Mint,CS-BSPVSG,,possible_card_specific_identifier_manual_review,manual_review,True,False
147395286047,Gysahl Greens 190 Common FINAL FANTASY Magic: The Gathering Near Mint,CS-2RACUS,,possible_card_specific_identifier_manual_review,manual_review,True,False
147395286048,Blitzball 254 Common FINAL FANTASY Magic: The Gathering Near Mint,CS-WXRSJ5,,possible_card_specific_identifier_manual_review,manual_review,True,False
147395286049,Gaelicat 22 Common FINAL FANTASY Magic: The Gathering Near Mint,CS-YBMTGP,,possible_card_specific_identifier_manual_review,manual_review,True,False
147395286050,Magic Damper 61 Common FINAL FANTASY Magic: The Gathering Near Mint,CS-555RED,,possible_card_specific_identifier_manual_review,manual_review,True,False
147395286051,Summon: G.F. Ifrit 163 Common FINAL FANTASY Magic: The Gathering Near Mint,CS-QT9AN7,,possible_card_specific_identifier_manual_review,manual_review,True,False
147395286052,Gran Pulse Ochu 189 Common FINAL FANTASY Magic: The Gathering Near Mint,CS-59KRPW,,possible_card_specific_identifier_manual_review,manual_review,True,False
147395286053,Ahriman 87 Common FINAL FANTASY Magic: The Gathering Near Mint,CS-VK6329,,possible_card_specific_identifier_manual_review,manual_review,True,False
147395286055,Sahagin 71 Common FINAL FANTASY Magic: The Gathering Near Mint,CS-R2WT4E,,possible_card_specific_identifier_manual_review,manual_review,True,False
147395286165,Surgeon ~General~ Commander 072/096 The List Reprints MTG Foil NM,CS-8524U5,,possible_card_specific_identifier_manual_review,manual_review,True,False
147395286166,"Kairi, the Swirling Sky 60 Mythic Prerelease Cards Magic: The Gathering Foil NM",CS-C59ZD8,,possible_card_specific_identifier_manual_review,manual_review,True,False
147395286167,Revitalize (Foil Etched) 9 Strixhaven: Mystical Archives MTG Foil NM,CS-BAEW3B,,possible_card_specific_identifier_manual_review,manual_review,True,False
147395286168,Divine Gambit (Foil Etched) 4 Strixhaven: Mystical Archives MTG Foil NM,CS-GRDGQC,,possible_card_specific_identifier_manual_review,manual_review,True,False
147395286170,Kindslaver 150/216 Rare The List Reprints Magic: The Gathering Foil Near Mint,CS-RKD6N5,,possible_card_specific_identifier_manual_review,manual_review,True,False
147395286171,Compulsive Research (Foil Etched) 14 Strixhaven: Mystical Archives MTG Foil NM,CS-B8GB2N,,possible_card_specific_identifier_manual_review,manual_review,True,False
147395286172,Claim the Firstborn (Foil Etched) 37 Strixhaven: Mystical Archives MTG Foil NM,CS-489U88,,possible_card_specific_identifier_manual_review,manual_review,True,False
147395286173,Oddly Uneven 15 Rare Unstable Magic: The Gathering Foil Near Mint,CS-PZ4N9K,,possible_card_specific_identifier_manual_review,manual_review,True,False
147395286174,Adult Gold Dragon (Borderless) 297 Adventures in the Forgotten Realms MTG NM,CS-X3CUGF,,possible_card_specific_identifier_manual_review,manual_review,True,False
147395286175,Infuriate (Foil Etched) 41 Strixhaven: Mystical Archives MTG Foil NM,CS-NRSPKB,,possible_card_specific_identifier_manual_review,manual_review,True,False
147395286176,Eastern Paladin 132 Rare 7th Edition Magic: The Gathering Near Mint,CS-RDCEUC,,possible_card_specific_identifier_manual_review,manual_review,True,False
147395286177,Channel (Foil Etched) 50 Strixhaven: Mystical Archives MTG Foil NM,CS-3BS7DJ,,possible_card_specific_identifier_manual_review,manual_review,True,False
147395286178,Timeless Dragon (Extended Art) 445 Modern Horizons 2 MTG NM,CS-3RYMCJ,,possible_card_specific_identifier_manual_review,manual_review,True,False
147395286179,Modular Monstrosity 155/216 Rare The List Reprints Magic: The Gathering Foil NM,CS-2JDAHT,,possible_card_specific_identifier_manual_review,manual_review,True,False
147395286180,Dr. Julius Jumblemorph 130 Mythic Unstable Magic: The Gathering Foil Near Mint,CS-WQDWCM,,possible_card_specific_identifier_manual_review,manual_review,True,False
147395286181,Better Than One 128 Rare Unstable Magic: The Gathering Foil Near Mint,CS-WUVUQM,,possible_card_specific_identifier_manual_review,manual_review,True,False
147395286182,Intrepid Hero 26 Rare 8th Edition Magic: The Gathering Near Mint,CS-44QN5A,,possible_card_specific_identifier_manual_review,manual_review,True,False
147395286183,Restless Bloodseeker (Showcase) 295 Innistrad: Crimson Vow MTG Foil NM,CS-QJKUEP,,possible_card_specific_identifier_manual_review,manual_review,True,False
147395286184,Hot Fix 133 Rare Unstable Magic: The Gathering Foil Near Mint,CS-UDS2HH,,possible_card_specific_identifier_manual_review,manual_review,True,False
147395286185,Strategic Planning (Foil Etched) 20 Strixhaven: Mystical Archives MTG Foil NM,CS-BZSA9R,,possible_card_specific_identifier_manual_review,manual_review,True,False
147395286186,Jhoira of the Ghitu 1 Duel Decks: Mind vs. Might Magic: The Gathering Foil NM,CS-MF7HUV,,possible_card_specific_identifier_manual_review,manual_review,True,False
147395286187,Nahiri's Warcrafting (Extended Art) 365 March of the Machine MTG Foil NM,CS-Z8QJHN,,possible_card_specific_identifier_manual_review,manual_review,True,False
147395286188,Magnivore 202 Rare 9th Edition Magic: The Gathering Near Mint,CS-2U3CXF,,possible_card_specific_identifier_manual_review,manual_review,True,False
147395286189,Mascot Exhibition (Extended Art) 285 Strixhaven: School of Mages MTG Foil NM,CS-TJTGXB,,possible_card_specific_identifier_manual_review,manual_review,True,False
147395286190,As Luck Would Have It 102/216 The List Reprints Magic: The Gathering Foil NM,CS-Z5E5SR,,possible_card_specific_identifier_manual_review,manual_review,True,False
